poll_id,pollname,source_dataset,battery_id,phase,n_target,n_observed,n_complete,complete_case,ipw,aipw,min_probability,max_weight,effective_n,predictors,baseline_observed,baseline_missing
a1r-climate-2021,America in One Room: Climate,control,a1r-climate-2021:control:knowledge,t0,962,962,845,0.6899408284023667,0.6855509355509356,0.6855509355509356,1,1,962,none: fully observed,0.6855509355509356,
a1r-climate-2021,America in One Room: Climate,control,a1r-climate-2021:control:knowledge,t2,962,962,845,0.8116863905325442,0.8075623700623702,0.8075623700623702,1,1,962,none: fully observed,0.6855509355509356,
a1r-climate-2021,America in One Room: Climate,control,a1r-climate-2021:control:knowledge,t3,962,845,845,0.7322485207100592,0.7274369725379733,0.7275993575522298,0.749152780988511,1.329585633721298,842.2271792096025,score_t0 + score_t2 + age + ba + female,0.6899408284023667,0.6538461538461539
marousi-2006,"Marousi, Greece",score_only,marousi-2006:score_only:knowledge,t0,159,159,133,0.3587540376583308,0.3593890476178609,0.3593890476178609,1,1,159,none: fully observed,0.3593890476178609,
marousi-2006,"Marousi, Greece",score_only,marousi-2006:score_only:knowledge,t1,159,154,133,0.40923737916219116,0.4040876996920375,0.40410566238497403,0.9448476026116706,1.0583717387183729,153.9882186422189,score_t0,0.35807051020285635,0.39999999999999997
marousi-2006,"Marousi, Greece",score_only,marousi-2006:score_only:knowledge,t2,159,138,133,0.43179377013963477,0.4272926798497247,0.42728569352492163,0.8561814678437584,1.1679766936773812,137.995499339555,score_t0,0.3602484565837536,0.3537415029848514
nic-1996,National Issues Convention,historical,nic-1996:historical:knowledge,t0,456,456,383,0.4780441490624258,0.4714912280701754,0.4714912280701754,1,1,456,none: fully observed,0.4714912280701754,
nic-1996,National Issues Convention,historical,nic-1996:historical:knowledge,t2,456,456,383,0.561595062900546,0.5526315789473684,0.5526315789473684,1,1,456,none: fully observed,0.4714912280701754,
nic-1996,National Issues Convention,historical,nic-1996:historical:knowledge,t3,456,383,383,0.5755993353904582,0.5709990888583805,0.5705834660703376,0.7191961691195077,1.3904412216548272,382.2461845595337,score_t0 + score_t2,0.4780441490624258,0.4371108343711083
