poll_id,pollname,source_dataset,battery_id,phase,n_source,n_attendees,n_nonattendees,n_unknown_attendance,n_attendee_observed,n_attendee_absent,n_attendee_unknown_presence,n_target,n_target_observed,n_target_unknown_group
a1r-climate-2021,America in One Room: Climate,control,a1r-climate-2021:control:knowledge,t0,8814,962,834,7018,962,0,0,962,962,0
a1r-climate-2021,America in One Room: Climate,control,a1r-climate-2021:control:knowledge,t2,8814,962,834,7018,962,0,0,962,962,0
a1r-climate-2021,America in One Room: Climate,control,a1r-climate-2021:control:knowledge,t3,8814,962,834,7018,845,117,0,962,845,0
marousi-2006,"Marousi, Greece",score_only,marousi-2006:score_only:knowledge,t0,1275,159,0,1116,159,0,0,159,159,13
marousi-2006,"Marousi, Greece",score_only,marousi-2006:score_only:knowledge,t1,1275,159,0,1116,154,5,0,159,154,13
marousi-2006,"Marousi, Greece",score_only,marousi-2006:score_only:knowledge,t2,1275,159,0,1116,138,21,0,159,138,13
nic-1996,National Issues Convention,historical,nic-1996:historical:knowledge,t0,911,466,0,445,461,0,5,456,456,0
nic-1996,National Issues Convention,historical,nic-1996:historical:knowledge,t2,911,466,0,445,460,0,6,456,456,0
nic-1996,National Issues Convention,historical,nic-1996:historical:knowledge,t3,911,466,0,445,387,79,0,456,383,0
