poll_id,pollname,participants,age,education,female,reading
uk-eu-1995,UK EU,220,219,214,220,0
uk-health-1998,UK Health,228,228,226,228,0
uk-monarchy-1996,UK Monarchy,258,258,258,258,0
uk-general-election-1997,UK General Election,275,274,274,275,0
australia-republic-1999,Australia Republic Referendum,347,344,347,347,344
uk-crime-1994,UK Crime,299,299,299,299,0
tomorrows-europe-2007,Tomorrow's Europe (EU),332,332,331,332,328
cpl-1996,Central Power & Light,216,215,213,216,209
zeguo-2005,Zeguo Township,233,214,205,225,0
bulgaria-crime-2002,Bulgarian National Crime Poll,278,278,277,278,0
europolis-2009,Europolis,348,347,335,348,340
new-haven-2004,"New Haven, CT",131,128,131,131,0
nic2-2003,National Issues Convention 2,340,338,340,340,335
btp-national-2003,By the People: National,244,244,244,244,0
btp-general-election-2004,By the People 2004 US General Election,248,248,248,248,0
san-mateo-2008,"San Mateo, CA",238,231,235,238,219
btp-health-education-2005,By the People: Health and Education,454,452,452,452,0
wtu-1996,West Texas Utilities,230,230,229,230,230
nic-1996,National Issues Convention,456,449,454,455,445
swepco-1996,Southwestern Electric Power,232,232,231,232,232
northern-ireland-2007,Northern Ireland,124,124,115,124,0
btp-2007,By the People 2007,301,301,301,301,300
btp-online-primaries-2004,By the People 2004 Online Primaries,238,238,238,238,0
california-whats-next-2011,California What's Next,386,386,385,386,383
michigan-2009,Michigan,309,309,309,309,281
america-in-one-room-2019,America in One Room,523,523,523,523,0
a1r-climate-2021,America in One Room: Climate,962,962,962,962,0
