poll_id,respondents,items,adjusted,adjusted_se,adjusted_sd,adjusted_sd_se,pollname
a1r-climate-2021,962,8,0.16741432422082037,0.008446573955464208,0.6007586560772497,0.030310144855040477,America in One Room: Climate
america-in-one-room-2019,523,7,0.17407290897254862,0.010529357029632837,0.7001378795930907,0.04235008047902679,America in One Room
australia-republic-1999,347,12,0.3381367214707594,0.021982275546914235,1.5466114322136497,0.10054524252512491,Australia Republic Referendum
btp-2007,301,8,0.1322655862596368,0.010721981756898886,0.6026213970988455,0.04885092039986307,By the People 2007
btp-general-election-2004,248,9,0.09368065726352111,0.011570367708790238,0.3966691570577984,0.04899205599064226,By the People 2004 US General Election
btp-health-education-2005,454,6,0.04932266861276054,0.01184413358218844,0.21825145515289365,0.05240996608746151,By the People: Health and Education
btp-national-2003,245,11,0.047365939507764424,0.010000630312966476,0.26834205674403416,0.056656528611202836,By the People: National
btp-presidential-primaries-2004,217,7,0.14769271536560555,0.01659113228873189,0.5319379635244007,0.059755507239372146,By the People 2004 US Presidential Primaries
bulgaria-crime-2002,278,7,0.12885815587089974,0.025072094684831746,0.5223888018109311,0.10164185117177572,Bulgarian National Crime Poll
california-whats-next-2011,396,5,0.32145848981710445,0.02453926092386088,1.1211369387601073,0.08558452410843446,California What's Next
cpl-1996,216,7,0.20282786228840327,0.015085600163562507,1.0891814436642402,0.08100936222128666,Central Power & Light
europolis-2009,348,6,0.19420424326377358,0.014618081835062413,1.23633832028286,0.09306127630368687,Europolis
michigan-2009,310,9,0.1232663702742176,0.01503265631874926,0.5762460346304421,0.07027471137805842,Michigan
new-haven-2004,132,8,0.27961869866809597,0.03018241749701328,1.5798675553752293,0.17053302362629733,"New Haven, CT"
nic-1996,466,11,0.05085251134268652,0.014145375644008322,0.24650365769024613,0.06856862608324353,National Issues Convention
nic2-2003,340,11,0.14986597545193278,0.009753912262208725,0.9063916013550805,0.058991803364039044,National Issues Convention 2
northern-ireland-2007,124,7,0.32771467911144264,0.024935211134341464,1.5690202591234286,0.11938388460773644,Northern Ireland
san-mateo-2008,239,8,0.19601439135581816,0.017127986352759708,1.386040191010556,0.12111395143895695,"San Mateo, CA"
swepco-1996,232,5,0.30132916714237534,0.022537861776524015,1.2846104194997703,0.09608220918650273,Southwestern Electric Power
tomorrows-europe-2007,344,11,0.22302299872383322,0.014876540732192552,1.1924757780503736,0.07954298249879833,Tomorrow's Europe (EU)
uk-crime-1994,299,7,0.1495801082298315,0.013352838784252632,0.64656235199416,0.05771785401358207,UK Crime
uk-eu-1995,238,5,0.20753702794630569,0.027163518000797228,0.7214648065907341,0.0944290397462924,UK EU
uk-general-election-1997,275,15,0.18241716535656521,0.016143725434966057,0.8731282404880985,0.07727092215473666,UK General Election
uk-health-1998,230,6,0.11049366911609979,0.019519869231237108,0.4875782670605294,0.08613583103131807,UK Health
uk-monarchy-1996,258,9,0.21725269176247164,0.019181896966832222,1.1210297701098113,0.09897910756617163,UK Monarchy
wtu-1996,230,5,0.35769254599408995,0.02264343233953243,1.4786931131093466,0.09360745095923047,West Texas Utilities
zeguo-2005,233,4,0.14123639344316147,0.0295541529305357,0.45860861377864687,0.09596527337218956,Zeguo Township
btp-online-primaries-2004,315,7,0.0549823475084499,0.01348583226064106,0.19001953062692067,0.046607168162228305,By the People 2004 Online Primaries
