poll_id,respondents,items,k1,k2,raw,raw_se,lca,lca_converged,items_used,theta_gain,theta_gain_se,t2_sd,converged,cor_poll_name
uk-health-1998,230,6,0.6579710144927536,0.7369565217391304,0.0789855072463768,0.01501259023162092,0.1220294234412597,TRUE,6,0.829360312245962,0.219755849129086,1.5704628700846899,TRUE,UK Health
northern-ireland-2007,124,7,0.21774193548387097,0.5034562211981567,0.2857142857142857,0.021266543649924717,0.3232679930382606,TRUE,7,1.8614974078626232,0.3027254594147286,1.1713790617939475,TRUE,Northern Ireland
uk-crime-1994,299,7,0.5222169135212613,0.6168179646440516,0.09460105112279027,0.012340445252613484,0.1417692614678386,TRUE,7,0.2838341390594905,0.14081838712427933,1.2470721932212536,TRUE,UK Crime
uk-eu-1995,224,5,0.5151785714285714,0.7178571428571429,0.2026785714285714,0.020346136335828012,0.27547624739980053,TRUE,5,1.2934248252945117,0.22280436555668917,1.379016909700557,TRUE,UK EU
uk-monarchy-1996,258,8,0.6468023255813954,0.7965116279069767,0.1497093023255814,0.012308683231343182,0.2117897485997623,TRUE,8,1.8377000779351216,0.2613007922294426,1.4360636740516182,TRUE,UK Monarchy
uk-general-election-1997,275,15,0.5447272727272727,0.6475151515151515,0.10278787878787879,0.011883752331246961,0.19068306421144374,TRUE,15,0.783794288096576,0.12775593415422326,1.182037692795951,TRUE,UK General Election
cpl-1996,216,7,0.29365079365079366,0.45436507936507936,0.1607142857142857,0.015023770181985351,0.1895761259961823,TRUE,7,2.095065084434845,0.4168559030088817,0.9649719522075378,TRUE,Central Power & Light
swepco-1996,232,5,0.4353448275862069,0.6379310344827587,0.20258620689655174,0.02020497306679124,0.2331267568657304,TRUE,5,2.042627026566933,0.3142967680128393,1.4757292870827856,TRUE,Southwestern Electric Power
wtu-1996,230,5,0.3991304347826087,0.6869565217391305,0.2878260869565218,0.01753020287893481,0.3472295686542663,TRUE,5,2.2950213875923713,0.3457583608611546,1.3590926609152527,TRUE,West Texas Utilities
australia-republic-1999,347,10,0.46829971181556196,0.7518731988472622,0.2835734870317003,0.01329329804392732,0.4489161271183823,TRUE,10,2.2443822611926674,0.1956572047799229,1.8077832746839073,TRUE,Australia Republic Referendum
btp-2007,301,8,0.5074750830564784,0.6196013289036545,0.11212624584717606,0.01053824927129037,0.1263518523765155,TRUE,8,0.7529958453439641,0.1423197415486075,1.2744168383421242,TRUE,By the People 2007
btp-general-election-2004,250,9,0.7386666666666667,0.8093333333333333,0.07066666666666667,0.010852647572990998,0.09411118786914519,TRUE,9,0.43814070871059,0.13665094202535433,1.1226107474255245,TRUE,By the People 2004 US General Election
btp-health-education-2005,454,6,0.3748164464023495,0.4100587371512482,0.035242290748898675,0.011503192137152236,0.05405602011483252,TRUE,6,0.4573762436895168,0.11599082248032865,0.867961348528923,TRUE,By the People: Health and Education
btp-online-primaries-2004,328,7,0.48127177700348434,0.5087108013937283,0.027439024390243868,0.015489285298639197,0.06719828996025601,TRUE,7,0.046296641934891025,0.11325433735749127,1.4825268705830026,TRUE,By the People 2004 Online Primaries
bulgaria-crime-2002,278,7,0.4316546762589928,0.5246659815005139,0.09301130524152107,0.01790113663297773,0.08218151046223836,TRUE,7,0.40864698917060027,0.1083687091931008,0.8733758482764139,TRUE,Bulgarian National Crime Poll
california-whats-next-2011,396,5,0.604040404040404,0.8176767676767677,0.21363636363636374,0.014735958392234013,0.2888182167854105,TRUE,5,1.5337866640501379,0.2020496555101032,1.380940047087128,TRUE,California What's Next
europolis-2009,348,6,0.19731800766283525,0.36302681992337166,0.1657088122605364,0.0128872285911346,0.1823521028631683,TRUE,6,2.0193068789023596,0.42700898521667685,1.1734920818484493,TRUE,Europolis
nic-1996,466,8,0.5295064377682404,0.6209763948497854,0.09146995708154507,0.010052694263564787,0.19327541771110557,TRUE,8,0.4964633280108679,0.10838073847467872,1.2366607543616088,TRUE,National Issues Convention
tomorrows-europe-2007,359,11,0.36312990630539377,0.5421625728032413,0.17903266649784758,0.01071864514647363,0.22724787940323626,TRUE,11,1.3874621424356062,0.15526440408770661,1.1620647632762215,TRUE,Tomorrow's Europe (EU)
vermont-energy-2007,146,9,0.2222222222222222,0.6012176560121766,0.3789954337899543,0.018189455868260502,0.42867068631113237,TRUE,9,2.621645213750515,0.3704504390978987,0.7948947722537337,TRUE,Vermont Energy
san-mateo-2008,239,8,0.14539748953974896,0.3169456066945607,0.17154811715481175,0.016355745503262433,0.1691041563476507,TRUE,8,1.6141631405983647,0.23680752778519934,1.300489412630946,TRUE,"San Mateo, CA"
michigan-2009,310,9,0.34157706093189966,0.43942652329749105,0.0978494623655914,0.012796731948704104,0.1002023986054589,TRUE,9,0.5755239113494263,0.12974290673658614,1.5130499676126918,TRUE,Michigan
denmark-euro-2000,359,9,0.6004333023831631,0.8201795109873105,0.21974620860414731,0.010672802051371923,0.3552092964280516,TRUE,9,2.372412736821267,0.2524809749263879,1.3635422240452006,TRUE,Denmark: Euro
