comparison,term,estimate,std_error,lower,upper,polls,n_people,bootstrap_replicates,inference
gender,pre,0.07107612161546224,0.011758842522100618,0.04716468691299788,0.09130973558733911,27,8353,999,poll_bootstrap_stratified_by_mode
gender,post,0.04543928557549103,0.01022816725485165,0.024310614017969363,0.0637530835313604,27,8353,999,poll_bootstrap_stratified_by_mode
gender,change,-0.02563683603997122,0.006754764708590007,-0.03973361357989737,-0.013322131730790651,27,8353,999,poll_bootstrap_stratified_by_mode
relative_education,pre,0.09325141830950603,0.009345136073501533,0.07614445535779242,0.11180682421424323,20,5519,999,poll_bootstrap_stratified_by_mode
relative_education,post,0.12215089899684743,0.010133035470917503,0.10407932869627996,0.14469604704253353,20,5519,999,poll_bootstrap_stratified_by_mode
relative_education,change,0.028899480687341446,0.01133443740346871,0.007742525388934778,0.0522702329535374,20,5519,999,poll_bootstrap_stratified_by_mode
degree_vs_below_secondary,pre,0.20713252203473426,0.022975028307404492,0.1616815423351372,0.2532590773982966,26,4366,999,poll_bootstrap_stratified_by_mode
degree_vs_below_secondary,post,0.2570962519457686,0.023113856470351142,0.21489984036191032,0.3059406781187199,26,4366,999,poll_bootstrap_stratified_by_mode
degree_vs_below_secondary,change,0.04996372991103438,0.022606829352756878,0.004765027335038606,0.09611129233400033,26,4366,999,poll_bootstrap_stratified_by_mode
degree_vs_secondary,pre,0.11260925888236999,0.013434647274855608,0.08852065140873684,0.1398197945949661,27,7171,999,poll_bootstrap_stratified_by_mode
degree_vs_secondary,post,0.11815762720607628,0.012826721838493881,0.09719169025671981,0.14468056560762316,27,7171,999,poll_bootstrap_stratified_by_mode
degree_vs_secondary,change,0.00554836832370627,0.00859327290376498,-0.010601370795221006,0.023006402996579186,27,7171,999,poll_bootstrap_stratified_by_mode
