comparison,poll_id,online,n_first,n_second,pre,post,change
gender,uk-eu-1995,0,106,123,0.1644884184690903,0.014204632612363821,-0.15028378585672647
gender,uk-health-1998,0,90,138,0.015136876006441202,0.013204508856682784,-0.0019323671497584183
gender,uk-monarchy-1996,0,122,136,0.07659648558877108,0.02851441122897247,-0.04808207435979861
gender,uk-general-election-1997,0,126,147,0.0912320483749055,0.07785336356764927,-0.013378684807256236
gender,australia-republic-1999,0,182,162,0.0941640663862886,0.04765296431963095,-0.04651110206665765
gender,uk-crime-1994,0,150,149,-0.16116331096196868,-0.14841802492809208,0.01274528603387659
gender,tomorrows-europe-2007,0,191,152,0.10082604774668702,0.055559382750068886,-0.04526666499661813
gender,cpl-1996,0,99,113,0.07958216807774332,0.07287795783371004,-0.006704210244033282
gender,zeguo-2005,0,126,65,0.029365079365079316,0.04432234432234422,0.014957264957264904
gender,bulgaria-crime-2002,0,137,140,0.017637419931476217,0.054677491434530046,0.03704007150305383
gender,europolis-2009,0,179,156,0.04800530010027215,0.010946378264813983,-0.03705892183545817
gender,new-haven-2004,0,66,63,0.08360389610389607,0.03273809523809512,-0.05086580086580095
gender,nic2-2003,0,156,182,0.04903429903429907,0.011322011322011383,-0.037712287712287684
gender,btp-national-2003,1,141,104,0.03031542925159947,0.041672866140951226,0.011357436889351757
gender,btp-general-election-2004,1,137,111,0.07517736714817014,-0.01555570168708853,-0.09073306883525867
gender,san-mateo-2008,0,93,137,0.024478062946393514,0.013656698846244375,-0.010821364100149139
gender,btp-health-education-2005,1,228,222,0.02765923818555399,0.02904220009483166,0.001382961909277669
gender,wtu-1996,0,102,127,0.14299830168287786,0.10376717616180331,-0.03923112552107455
gender,nic-1996,0,211,235,0.12553099819410196,0.09439621586440183,-0.031134782329700128
gender,swepco-1996,0,98,133,0.15048335123523093,0.1211600429645543,-0.02932330827067664
gender,northern-ireland-2007,0,29,86,0.04691259021651964,0.04353305075037234,-0.003379539466147302
gender,btp-2007,1,135,166,0.10229250334672019,0.11388331102186533,0.011590807675145143
gender,btp-online-primaries-2004,1,133,105,0.07848191908342278,0.05184389545291801,-0.02663802363050477
gender,california-whats-next-2011,0,214,171,0.0640378204077171,6.777067278788129e-4,-0.06336011367983829
gender,michigan-2009,0,154,156,0.05530580530580531,0.06875531875531876,0.01344951344951345
gender,america-in-one-room-2019,0,253,270,0.12494928581885101,0.12276177928351839,-0.0021875065353326173
gender,a1r-climate-2021,1,444,518,0.18713803088803083,0.11896718146718144,-0.06817084942084939
relative_education,uk-eu-1995,0,90,139,0.05824140687450036,0.19320543565147874,0.13496402877697838
relative_education,uk-health-1998,0,119,109,0.10024927402153527,0.14018451417264155,0.03993524015110628
relative_education,uk-monarchy-1996,0,100,158,0.13184247538677918,0.149971870604782,0.01812939521800283
relative_education,uk-general-election-1997,0,134,139,0.11084505529904437,0.1293138623429615,0.018468807043917124
relative_education,australia-republic-1999,0,182,162,0.10680369013702345,0.0797381630714965,-0.02706552706552695
relative_education,uk-crime-1994,0,99,200,0.09730158730158733,0.1586580086580086,0.061356421356421276
relative_education,tomorrows-europe-2007,0,199,144,0.05943226232170956,0.0683880259885285,0.008955763666818939
relative_education,cpl-1996,0,123,89,0.0914014276579363,0.08314084745983896,-0.008260580198097334
relative_education,zeguo-2005,0,36,155,0.09422043010752701,0.24596774193548376,0.15174731182795675
relative_education,bulgaria-crime-2002,0,44,233,0.09097876372554486,0.09500585251658211,0.004027088791037248
relative_education,europolis-2009,0,151,184,0.04392216143583838,0.11536015932431137,0.07143799788847299
relative_education,new-haven-2004,0,79,50,0.0900632911392405,0.13174050632911383,0.04167721518987333
relative_education,nic2-2003,0,271,67,0.10109799876831871,0.1247653046408348,0.023667305872516087
relative_education,btp-national-2003,1,163,82,0.10127460449172254,0.12481465863180663,0.023540054140084088
relative_education,btp-general-election-2004,1,169,79,0.15653425877379135,0.11949999583884685,-0.037034262934944495
relative_education,san-mateo-2008,0,148,82,0.017715886618325655,0.09457399472643369,0.07685810810810803
relative_education,btp-health-education-2005,1,210,240,0.054563492063492036,0.04910714285714285,-0.005456349206349187
relative_education,wtu-1996,0,152,77,0.13564593301435407,0.1602529049897471,0.02460697197539302
relative_education,nic-1996,0,248,198,0.15465135223199739,0.17219111940519566,0.017539767173198273
relative_education,swepco-1996,0,148,83,0.026375773363725208,0.1470205144903941,0.1206447411266689
degree_vs_below_secondary,uk-eu-1995,0,20,139,0.19935251798561154,0.2843165467625899,0.08496402877697834
degree_vs_below_secondary,uk-health-1998,0,49,88,0.19592609771181202,0.19619666048237483,2.7056277056281e-4
degree_vs_below_secondary,uk-monarchy-1996,0,47,158,0.18073136427566805,0.18640213065206335,0.005670766376395298
degree_vs_below_secondary,uk-general-election-1997,0,50,139,0.1626858513189448,0.15438848920863313,-0.008297362110311679
degree_vs_below_secondary,australia-republic-1999,0,182,7,0.1039377289377289,0.14102564102564108,0.03708791208791218
degree_vs_below_secondary,uk-crime-1994,0,43,107,0.14661409010463566,0.23619089017915362,0.08957680007451796
degree_vs_below_secondary,tomorrows-europe-2007,0,161,30,0.11739130434782608,0.19023150762281205,0.07284020327498597
degree_vs_below_secondary,cpl-1996,0,61,27,0.15196461098100444,0.15716887848035394,0.005204267499349491
degree_vs_below_secondary,zeguo-2005,0,2,155,0.44838709677419364,0.6209677419354838,0.17258064516129012
degree_vs_below_secondary,bulgaria-crime-2002,0,32,82,0.16245644599303133,0.23911149825783973,0.0766550522648084
degree_vs_below_secondary,new-haven-2004,0,79,3,0.23839662447257384,0.5142405063291139,0.2758438818565401
degree_vs_below_secondary,nic2-2003,0,271,1,0.30191211003019114,0.157329755115733,-0.14458235491445814
degree_vs_below_secondary,btp-national-2003,1,79,17,0.09476748121573142,0.13890205103905778,0.044134569823326364
degree_vs_below_secondary,btp-general-election-2004,1,82,19,0.24718299814577094,0.14655541292255025,-0.10062758522322068
degree_vs_below_secondary,san-mateo-2008,0,148,2,0.15033783783783786,0.2896959459459459,0.13935810810810803
degree_vs_below_secondary,btp-health-education-2005,1,210,6,-0.14682539682539686,0.0761904761904762,0.22301587301587306
degree_vs_below_secondary,wtu-1996,0,71,19,0.21912527798369164,0.3647146034099333,0.14558932542624164
degree_vs_below_secondary,nic-1996,0,126,46,0.26880607315389926,0.3111863981429199,0.04238032498902061
degree_vs_below_secondary,swepco-1996,0,70,12,0.10714285714285715,0.34857142857142853,0.24142857142857138
degree_vs_below_secondary,northern-ireland-2007,0,24,33,0.2954545454545454,0.3354978354978355,0.0400432900432901
degree_vs_below_secondary,btp-2007,1,153,8,0.33997140522875813,0.2725694444444444,-0.06740196078431371
degree_vs_below_secondary,btp-online-primaries-2004,1,70,33,0.22931354359925787,0.2918985776128633,0.06258503401360543
degree_vs_below_secondary,california-whats-next-2011,0,258,2,0.3511627906976744,0.16434108527131785,-0.18682170542635657
degree_vs_below_secondary,michigan-2009,0,144,13,0.15651709401709402,0.2792616334283001,0.12274453941120611
degree_vs_below_secondary,america-in-one-room-2019,0,268,7,0.32736826073713066,0.242918062747487,-0.08445019798964365
degree_vs_below_secondary,a1r-climate-2021,1,493,33,0.3389114266396215,0.31791290183785126,-0.020998524801770224
degree_vs_secondary,uk-eu-1995,0,20,70,0.1814285714285715,0.1171428571428571,-0.06428571428571439
degree_vs_secondary,uk-health-1998,0,49,91,0.1441653584510727,0.065410779696494,-0.0787545787545787
degree_vs_secondary,uk-monarchy-1996,0,47,53,0.09224318658280928,0.06873633971185156,-0.02350684687095772
degree_vs_secondary,uk-general-election-1997,0,50,84,0.08269841269841272,0.040000000000000036,-0.04269841269841268
degree_vs_secondary,australia-republic-1999,0,182,155,0.10693312064279803,0.07697034148647064,-0.02996277915632739
degree_vs_secondary,uk-crime-1994,0,43,149,0.10013601195121402,0.0793105754866329,-0.020825436464581126
degree_vs_secondary,tomorrows-europe-2007,0,161,152,0.05052527563969211,0.030662129632381352,-0.01986314600731076
degree_vs_secondary,cpl-1996,0,61,124,0.07720782654680064,0.07639570899750703,-8.121175492936117e-4
degree_vs_secondary,zeguo-2005,0,2,34,0.375,0.3970588235294118,0.022058823529411797
degree_vs_secondary,bulgaria-crime-2002,0,32,163,0.06211656441717789,0.11207274320771254,0.049956178790534655
degree_vs_secondary,europolis-2009,0,6,329,0.05547112462006076,0.13981762917933133,0.08434650455927056
degree_vs_secondary,new-haven-2004,0,79,47,0.08059520603285752,0.10732561271209262,0.026730406679235097
degree_vs_secondary,nic2-2003,0,271,66,0.09805536071889642,0.12427190387606357,0.02621654315716715
degree_vs_secondary,btp-national-2003,1,79,149,0.10499609981387231,0.12458198500166051,0.0195858851877882
degree_vs_secondary,btp-general-election-2004,1,82,147,0.1025754475231827,0.05632984901277582,-0.04624559851040688
degree_vs_secondary,san-mateo-2008,0,148,80,0.014400337837837868,0.08969594594594588,0.07529560810810801
degree_vs_secondary,btp-health-education-2005,1,210,234,0.05972730972730972,0.04841269841269841,-0.011314611314611311
degree_vs_secondary,wtu-1996,0,71,139,0.05502077211470263,0.0458202452122809,-0.009200526902421735
degree_vs_secondary,nic-1996,0,126,274,0.164870814505851,0.16280637448520663,-0.002064440020644376
degree_vs_secondary,swepco-1996,0,70,149,0.027612655800575203,0.14588686481303925,0.11827420901246405
degree_vs_secondary,northern-ireland-2007,0,24,58,0.22947454844006565,0.16830870279146137,-0.06116584564860428
degree_vs_secondary,btp-2007,1,153,140,0.12434640522875812,0.14533730158730152,0.0209908963585434
degree_vs_secondary,btp-online-primaries-2004,1,70,135,0.18563869992441417,0.16780045351473916,-0.017838246409675018
degree_vs_secondary,california-whats-next-2011,0,258,125,0.09276279069767446,0.13314108527131785,0.04037829457364339
degree_vs_secondary,michigan-2009,0,144,153,0.0966321713870733,0.11932643427741468,0.022694262890341377
degree_vs_secondary,america-in-one-room-2019,0,268,248,0.14608122979572186,0.18556124905426785,0.039480019258545995
degree_vs_secondary,a1r-climate-2021,1,493,436,0.12885790982004952,0.11578265440943869,-0.013075255410610831
