model,term,estimate,n,polls,groups,r2_marginal,r2_conditional,std_error,lower,upper,sample,paired_people,bootstrap_replicates
core,(Intercept),0.33523226922345895,8450,27,622,0.27406091136701105,0.36923009803965234,0.035436848495390624,0.26596787384941806,0.4030385664154242,main,10239,999
core,k1,-0.4889866065141296,8450,27,622,0.27406091136701105,0.36923009803965234,0.02984441998121943,-0.5539946999273132,-0.4363092624260495,main,10239,999
core,group_k1,0.1053526697170151,8450,27,622,0.27406091136701105,0.36923009803965234,0.06560265463586934,-0.0156851426913686,0.24764928142196002,main,10239,999
core,group_size,-7.165951658147875e-4,8450,27,622,0.27406091136701105,0.36923009803965234,0.0012325537115172468,-0.0030770538513733587,0.001704478496215227,main,10239,999
core,online,-0.034695454479221774,8450,27,622,0.27406091136701105,0.36923009803965234,0.034108594006271774,-0.10112561531906852,0.029701447062559914,main,10239,999
without_zero_score,(Intercept),0.3677104919905356,7626,27,619,0.29550358242568137,0.4139656497198427,0.03785077454608787,0.29073720213414045,0.4391216934147347,zero_score,9110,999
without_zero_score,k1,-0.504893620371384,7626,27,619,0.29550358242568137,0.4139656497198427,0.029289984937095316,-0.5694211270416837,-0.45768397011284145,zero_score,9110,999
without_zero_score,group_k1,0.062270907626000745,7626,27,619,0.29550358242568137,0.4139656497198427,0.06403499801539006,-0.06320694218579632,0.20198174061734442,zero_score,9110,999
without_zero_score,group_size,-3.2361559053432123e-4,7626,27,619,0.29550358242568137,0.4139656497198427,0.0012310375509756632,-0.0028007427974693876,0.0019883960021344184,zero_score,9110,999
without_zero_score,online,-0.03703961018217484,7626,27,619,0.29550358242568137,0.4139656497198427,0.03681106511663075,-0.1104493322578276,0.03316854624348389,zero_score,9110,999
without_all_blank,(Intercept),0.3433118238927452,8344,27,622,0.2785521163576097,0.37531509474838193,0.03283277584645089,0.2767794402836853,0.40579117227108213,all_blank,10118,999
without_all_blank,k1,-0.48675724046723534,8344,27,622,0.2785521163576097,0.37531509474838193,0.029633590505111138,-0.5512742525987472,-0.4361933619298956,all_blank,10118,999
without_all_blank,group_k1,0.09907951961922291,8344,27,622,0.2785521163576097,0.37531509474838193,0.06538890170318255,-0.023245463267227557,0.2443418454519627,all_blank,10118,999
without_all_blank,group_size,-9.661407077970777e-4,8344,27,622,0.2785521163576097,0.37531509474838193,0.0012492052307754831,-0.0032803821577817513,0.0014265020086600745,all_blank,10118,999
without_all_blank,online,-0.036426933085927746,8344,27,622,0.2785521163576097,0.37531509474838193,0.03429564453626206,-0.10363499462630488,0.02805384341561996,all_blank,10118,999
