poll_id,source_dataset,phase_t1,phase_t2
uk-eu-1995,historical,t0,t2
uk-health-1998,historical,t0,t2
uk-monarchy-1996,historical,t0,t2
uk-general-election-1997,historical,t0,t2
australia-republic-1999,historical,t0,t2
uk-crime-1994,historical,t0,t2
tomorrows-europe-2007,historical,t0,t2
cpl-1996,historical,t0,t2
zeguo-2005,historical,t0,t2
bulgaria-crime-2002,historical,t0,t2
europolis-2009,historical,t0,t2
new-haven-2004,historical,t0,t2
nic2-2003,historical,t0,t2
btp-national-2003,historical,t0,t2
btp-general-election-2004,historical,t0,t2
san-mateo-2008,historical,t0,t2
btp-health-education-2005,historical,t0,t2
wtu-1996,historical,t0,t2
nic-1996,historical,t0,t2
swepco-1996,historical,t0,t2
northern-ireland-2007,cor_sood,t0,t2
btp-2007,cor_sood,t0,t2
btp-online-primaries-2004,cor_sood,t0,t2
california-whats-next-2011,cor_sood,t0,t2
michigan-2009,cor_sood,t0,t2
america-in-one-room-2019,control,t0,t2
a1r-climate-2021,control,t0,t2
