model,parameter,estimate,lower,upper,polls
"raw, pooled",mu,0.14031504318559726,0.11744944630631488,0.16509450178311671,27
"relative, pooled",mu,0.3873929104200753,0.2908215004548007,0.5077407086893372,27
"guessing adjusted, pooled",mu,0.18625051748016677,0.16112182244764864,0.21933458100461437,27
"raw SD, pooled",mu,0.6589374445460512,0.5406705493385824,0.7946398069997805,27
"guessing adjusted SD, pooled",mu,0.8684219372771426,0.7458004571779159,1.039727982401893,27
"raw, precision weighted",mu,0.12578236877657678,0.10463433958265225,0.14687910569723087,27
"guessing adjusted, precision weighted",mu,0.15926514731545813,0.1372545886115683,0.18698609096619798,27
"raw, by mode",face_to_face,0.15619594308482057,0.12745985921514316,0.18558779730133973,21
"raw, by mode",online,0.08473189353831562,0.057453091967458514,0.1099629871422076,6
