model,term,estimate,n,polls,groups,r2_marginal,r2_conditional,std_error,lower,upper
core,(Intercept),0.330920376173494,8496,27,576,0.2709150396758584,0.3597264236992579,0.03529255946901792,0.26313910707572796,0.3982825234286187
core,k1,-0.49210561439716777,8496,27,576,0.2709150396758584,0.3597264236992579,0.031259101587182224,-0.5588868564028012,-0.4348936397939739
core,group_k1,0.11379431767451245,8496,27,576,0.2709150396758584,0.3597264236992579,0.07166682209787384,-0.0225297108485956,0.2622166396331439
core,group_size,-8.420831998164327e-4,8496,27,576,0.2709150396758584,0.3597264236992579,0.0010189914258293066,-0.0026533202466723373,0.00132313954086134
core,online,-0.030141477835571386,8496,27,576,0.2709150396758584,0.3597264236992579,0.03446924823608841,-0.0979868352074957,0.03402217042127814
demographic,(Intercept),0.2576953617748121,8369,27,576,0.3182080352495981,0.4238578090309979,0.03474897673141395,0.18341194087098958,0.3207544264533397
demographic,k1,-0.5096436002173852,8369,27,576,0.3182080352495981,0.4238578090309979,0.05944402331018904,-0.6197877678475202,-0.3909616912130632
demographic,educationHigh school,0.09812048381169772,8369,27,576,0.3182080352495981,0.4238578090309979,0.028015801309468093,0.047825480890821906,0.15669810724810687
demographic,educationBA or more,0.19110270193521664,8369,27,576,0.3182080352495981,0.4238578090309979,0.028884056762596148,0.1397040915984615,0.2543390206822859
demographic,age_decades,-0.001106132410384912,8369,27,576,0.3182080352495981,0.4238578090309979,0.002493039564055973,-0.006300044190513229,0.003338911790137824
demographic,female,-0.01723140452749928,8369,27,576,0.3182080352495981,0.4238578090309979,0.025467180478299004,-0.06854523715499199,0.03285616825787031
demographic,p_female,-0.004927982559884894,8369,27,576,0.3182080352495981,0.4238578090309979,0.03057003455123619,-0.06976157977730782,0.05207746200245451
demographic,group_size,-4.679562008417057e-4,8369,27,576,0.3182080352495981,0.4238578090309979,9.367170352952725e-4,-0.0020533097006386154,0.0016479997025819592
demographic,group_k1,0.09321293475252192,8369,27,576,0.3182080352495981,0.4238578090309979,0.06546959979667645,-0.02647087407346937,0.23251423693709639
demographic,online,-0.04235932531833832,8369,27,576,0.3182080352495981,0.4238578090309979,0.03940525906301608,-0.12305265826756535,0.02548539847700406
demographic,k1:educationHigh school,-9.262461587337341e-4,8369,27,576,0.3182080352495981,0.4238578090309979,0.05920219420784479,-0.11912668505092838,0.10560571139690976
demographic,k1:educationBA or more,-0.06718588013270567,8369,27,576,0.3182080352495981,0.4238578090309979,0.06054110192242703,-0.1873357663643817,0.04205636394155946
demographic,female:p_female,0.008863931831343853,8369,27,576,0.3182080352495981,0.4238578090309979,0.04795815180541467,-0.08587106164596157,0.10455814381972386
core_demographic_sample,(Intercept),0.33156210785895185,8369,27,576,0.270240054583485,0.35774207710616984,0.03405658864088758,0.26401048519331966,0.3925392456184643
core_demographic_sample,k1,-0.48724908023425273,8369,27,576,0.270240054583485,0.35774207710616984,0.029769495242126204,-0.5526493063583313,-0.43333627438004474
core_demographic_sample,group_k1,0.10441301366939491,8369,27,576,0.270240054583485,0.35774207710616984,0.06684794334532261,-0.019132879497501646,0.24551095471274412
core_demographic_sample,group_size,-7.66925839717048e-4,8369,27,576,0.270240054583485,0.35774207710616984,9.801834677076616e-4,-0.0025330460859322814,0.0013662665445051533
core_demographic_sample,online,-0.029645379711417296,8369,27,576,0.270240054583485,0.35774207710616984,0.03459829100952923,-0.09856312208871276,0.03362805835665734
briefing,(Intercept),0.27178065646929794,3605,12,252,0.3135839375732096,0.46427536413462556,0.06298292824254645,0.15691715700081216,0.40123734555579343
briefing,k1,-0.4948099794248783,3605,12,252,0.3135839375732096,0.46427536413462556,0.18619325467884099,-0.913622184309059,-0.21456300808154732
briefing,educationHigh school,0.13307320752606822,3605,12,252,0.3135839375732096,0.46427536413462556,0.05972331947275231,0.007465180827212551,0.23769858177302858
briefing,educationBA or more,0.2154310744772499,3605,12,252,0.3135839375732096,0.46427536413462556,0.061435201835176936,0.09214150394150088,0.32391764622184244
briefing,age_decades,-0.0072229372136575236,3605,12,252,0.3135839375732096,0.46427536413462556,0.0043253301451754425,-0.015622692111220176,0.0011969407672484172
briefing,female,-0.03406692446456858,3605,12,252,0.3135839375732096,0.46427536413462556,0.037215645794556856,-0.11098673164186883,0.03681753185940484
briefing,p_female,-0.0406036465873068,3605,12,252,0.3135839375732096,0.46427536413462556,0.045024534906804484,-0.13545167044181403,0.04400126745601323
briefing,group_size,-0.0010309313945318487,3605,12,252,0.3135839375732096,0.46427536413462556,0.0018334233207520669,-0.004567273080997557,0.002617779324442129
briefing,group_k1,0.023921813549647362,3605,12,252,0.3135839375732096,0.46427536413462556,0.09729246255484825,-0.1685947308597894,0.20661252420115758
briefing,online,6.391470559431111e-5,3605,12,252,0.3135839375732096,0.46427536413462556,0.037942724683475336,-0.06792440454591488,0.07450580433811542
briefing,read_briefing,0.06374078919959372,3605,12,252,0.3135839375732096,0.46427536413462556,0.01596824199874611,0.03285665719435968,0.09537733285125838
briefing,k1:educationHigh school,-0.10258897034892699,3605,12,252,0.3135839375732096,0.46427536413462556,0.1823241757957788,-0.3758098434291076,0.3231470971004493
briefing,k1:educationBA or more,-0.1308030488759747,3605,12,252,0.3135839375732096,0.46427536413462556,0.18729147148749886,-0.42722721343140707,0.2775706832601048
briefing,female:p_female,0.024472559996991078,3605,12,252,0.3135839375732096,0.46427536413462556,0.0676850495800486,-0.11023259749203401,0.15513994774241613
attitudes,(Intercept),0.2861180245603828,8356,27,576,0.31796549385854306,0.42284439746259167,0.04432398470853253,0.19281321185359787,0.37191195432816015
attitudes,k1,-0.5091907873615023,8356,27,576,0.31796549385854306,0.42284439746259167,0.06005796456738009,-0.6195958535402175,-0.38924039359723905
attitudes,educationHigh school,0.100131558113367,8356,27,576,0.31796549385854306,0.42284439746259167,0.02794359000980908,0.050365872750430175,0.1597736725042915
attitudes,educationBA or more,0.19234941938811723,8356,27,576,0.31796549385854306,0.42284439746259167,0.02870616735539714,0.14113923394079453,0.2533774928609509
attitudes,age_decades,-0.0012634448768181722,8356,27,576,0.31796549385854306,0.42284439746259167,0.0024686219472009135,-0.0063499809934004945,0.0032495386664813976
attitudes,female,-0.017372449940483085,8356,27,576,0.31796549385854306,0.42284439746259167,0.025545951566325335,-0.06879554520870475,0.032548340374464906
attitudes,p_female,-0.0062272158249377495,8356,27,576,0.31796549385854306,0.42284439746259167,0.03033524956494222,-0.06925105603813289,0.050325683391669936
attitudes,group_size,-5.054780952406552e-4,8356,27,576,0.31796549385854306,0.42284439746259167,9.431099878476459e-4,-0.002064369080165853,0.0016848513499339685
attitudes,group_k1,0.09246060543705055,8356,27,576,0.31796549385854306,0.42284439746259167,0.06508083150954397,-0.02544427670490472,0.2316143908758199
attitudes,online,-0.038551486794167145,8356,27,576,0.31796549385854306,0.42284439746259167,0.04036587360168379,-0.12039857813988596,0.03309288141373934
attitudes,extremity,0.015970799189212327,8356,27,576,0.31796549385854306,0.42284439746259167,0.05195415835685514,-0.092778474475578,0.10825234412642845
attitudes,disagreement,-0.10550008419082198,8356,27,576,0.31796549385854306,0.42284439746259167,0.08943624945556464,-0.26770976810679054,0.08157174118541356
attitudes,k1:educationHigh school,-0.00439901557098324,8356,27,576,0.31796549385854306,0.42284439746259167,0.059447046403389325,-0.12262676548434202,0.10222781805307336
attitudes,k1:educationBA or more,-0.06896620575125618,8356,27,576,0.31796549385854306,0.42284439746259167,0.06054370900489134,-0.18904737738277147,0.0393936445455766
attitudes,female:p_female,0.009103970308901334,8356,27,576,0.31796549385854306,0.42284439746259167,0.04815332626227618,-0.08752629073104756,0.10716131180213116
attitude_sd,(Intercept),0.285992263737865,8356,27,576,0.31793874308712566,0.4218597450128673,0.04410066961723255,0.1931453608608147,0.3710525753995977
attitude_sd,k1,-0.5090975930667213,8356,27,576,0.31793874308712566,0.4218597450128673,0.06008499917358862,-0.6195770272303722,-0.3891503076312268
attitude_sd,educationHigh school,0.10019371900937118,8356,27,576,0.31793874308712566,0.4218597450128673,0.027951773193433907,0.050300225742549914,0.15992916529903406
attitude_sd,educationBA or more,0.1924416625031828,8356,27,576,0.31793874308712566,0.4218597450128673,0.028724211750430266,0.14122072646513037,0.2534827953265788
attitude_sd,age_decades,-0.0012598928231590362,8356,27,576,0.31793874308712566,0.4218597450128673,0.002468923923258954,-0.00635026013572469,0.0032610122573075735
attitude_sd,female,-0.01728311292163805,8356,27,576,0.31793874308712566,0.4218597450128673,0.025539658557473945,-0.06806978757552215,0.03290794230064369
attitude_sd,p_female,-0.005918585248654248,8356,27,576,0.31793874308712566,0.4218597450128673,0.030349601936751052,-0.06885181435570782,0.050654215654108506
attitude_sd,group_size,-4.375314977516495e-4,8356,27,576,0.31793874308712566,0.4218597450128673,9.441617695085181e-4,-0.0020085576017288584,0.0016907652851789424
attitude_sd,group_k1,0.09338679270436155,8356,27,576,0.31793874308712566,0.4218597450128673,0.06525689456751696,-0.024179556150524684,0.23379779142711765
attitude_sd,online,-0.03866006291937747,8356,27,576,0.31793874308712566,0.4218597450128673,0.040143988231562455,-0.11926902863425184,0.03260682666128993
attitude_sd,extremity,0.01664877552422331,8356,27,576,0.31793874308712566,0.4218597450128673,0.052009947227692865,-0.09233800529342044,0.10871839584474392
attitude_sd,attitude_sd,-0.12286705007108738,8356,27,576,0.31793874308712566,0.4218597450128673,0.10546228814466449,-0.3148941403413269,0.09799811863110064
attitude_sd,k1:educationHigh school,-0.004487902321238273,8356,27,576,0.31793874308712566,0.4218597450128673,0.05945985967087328,-0.12257225749312443,0.10234167816107957
attitude_sd,k1:educationBA or more,-0.0690755768058137,8356,27,576,0.31793874308712566,0.4218597450128673,0.060574980274682694,-0.1889901014411912,0.039425469742227236
attitude_sd,female:p_female,0.008963867310643983,8356,27,576,0.31793874308712566,0.4218597450128673,0.048141713567247314,-0.0876569712020046,0.10678307580579681
demographic_attitude_sample,(Intercept),0.26013820263460763,8356,27,576,0.3193374254818185,0.42586433306972216,0.0344071925255596,0.18509812259869318,0.3233335929898576
demographic_attitude_sample,k1,-0.5085792747052755,8356,27,576,0.3193374254818185,0.42586433306972216,0.05980139617162447,-0.6187902475745215,-0.3886944629822304
demographic_attitude_sample,educationHigh school,0.10002916666728072,8356,27,576,0.3193374254818185,0.42586433306972216,0.028104395046154446,0.050430707021717106,0.15950045565212762
demographic_attitude_sample,educationBA or more,0.19210798059444362,8356,27,576,0.3193374254818185,0.42586433306972216,0.0288817587267387,0.14085271546544167,0.25427883339480833
demographic_attitude_sample,age_decades,-0.0012499149491888727,8356,27,576,0.3193374254818185,0.42586433306972216,0.002487056288940944,-0.00641902613813278,0.0032122380485122316
demographic_attitude_sample,female,-0.017432210600385106,8356,27,576,0.3193374254818185,0.42586433306972216,0.02551711302611418,-0.06890008950017128,0.03222323022907638
demographic_attitude_sample,p_female,-0.005652062989825061,8356,27,576,0.3193374254818185,0.42586433306972216,0.030617581358600394,-0.0694374633875149,0.05105659714806904
demographic_attitude_sample,group_size,-4.915309732288786e-4,8356,27,576,0.3193374254818185,0.42586433306972216,9.367704601316195e-4,-0.0020411408444422443,0.0016306958638677579
demographic_attitude_sample,group_k1,0.0893252713713081,8356,27,576,0.3193374254818185,0.42586433306972216,0.06557312370683646,-0.029762961308417962,0.22970237558325018
demographic_attitude_sample,online,-0.041637096018257644,8356,27,576,0.3193374254818185,0.42586433306972216,0.03988068896976792,-0.12306095062727301,0.028720420612648633
demographic_attitude_sample,k1:educationHigh school,-0.004354772606514028,8356,27,576,0.3193374254818185,0.42586433306972216,0.05962033851614809,-0.12193655885524317,0.10335744510058789
demographic_attitude_sample,k1:educationBA or more,-0.06895833870902575,8356,27,576,0.3193374254818185,0.42586433306972216,0.06086159471610578,-0.1907882979021187,0.04066494626219202
demographic_attitude_sample,female:p_female,0.009306054668264886,8356,27,576,0.3193374254818185,0.42586433306972216,0.04810806923051167,-0.08693486560220995,0.10562263280292705
items,(Intercept),0.2596005203529888,8369,27,576,0.3200980933316481,0.4277855032019665,0.03437291622266561,0.18929387434104727,0.3219842979875746
items,k1,-0.515680134794167,8369,27,576,0.3200980933316481,0.4277855032019665,0.0552778705169622,-0.6164045867284866,-0.40512409940823363
items,educationHigh school,0.09830566021280998,8369,27,576,0.3200980933316481,0.4277855032019665,0.027258443408992028,0.04980639897943298,0.15523809371055702
items,educationBA or more,0.1889749962463281,8369,27,576,0.3200980933316481,0.4277855032019665,0.027977013745605434,0.1377537137404286,0.2506727102656002
items,age_decades,-0.0011737770705802914,8369,27,576,0.3200980933316481,0.4277855032019665,0.002505217770395125,-0.006415788790127744,0.0032244611665770235
items,female,-0.018051005601135397,8369,27,576,0.3200980933316481,0.4277855032019665,0.025584910966841717,-0.07014475931393263,0.03200383324785864
items,p_female,-0.005463370598115386,8369,27,576,0.3200980933316481,0.4277855032019665,0.031008255018077486,-0.07006340657029604,0.05214063154340839
items,group_size,-4.465401403806927e-4,8369,27,576,0.3200980933316481,0.4277855032019665,9.18371500273246e-4,-0.0020645174899741187,0.0016447452407276017
items,group_k1,0.17796131705769233,8369,27,576,0.3200980933316481,0.4277855032019665,0.07478711048984485,0.031184831776030916,0.3254644939255667
items,online,-0.04041562030602222,8369,27,576,0.3200980933316481,0.4277855032019665,0.04010159532025423,-0.12161145314137589,0.02930123071648248
items,group_k1_items,-0.09518893325860264,8369,27,576,0.3200980933316481,0.4277855032019665,0.042840176263486206,-0.18147669607630174,-0.011574089330743454
items,no_missed_items,-0.06899131936758984,8369,27,576,0.3200980933316481,0.4277855032019665,0.027940024188798804,-0.1224943791037262,-0.012472147818674981
items,k1:educationHigh school,-0.0023858438657168757,8369,27,576,0.3200980933316481,0.4277855032019665,0.056194086734376265,-0.11675738424909579,0.0978200585815671
items,k1:educationBA or more,-0.06481925299260495,8369,27,576,0.3200980933316481,0.4277855032019665,0.05762478028882688,-0.17839334026127612,0.03578577864220874
items,female:p_female,0.01001768802835394,8369,27,576,0.3200980933316481,0.4277855032019665,0.04818960668988935,-0.08546548903393143,0.10680596590768647
