poll,peer,online,estimate,std_error,lower,upper,n,groups
America in One Room,k1,0,0.013669820566561906,0.13895656280139299,-0.29212467895114125,0.23570339992609746,523,40
America in One Room,female,0,0.018089457898397852,0.05318947793142187,-0.09040635178178026,0.11558297230358866,523,40
America in One Room: Climate,k1,1,0.006653289330715614,0.054284509498325056,-0.09931326392021654,0.11248463605216431,962,58
America in One Room: Climate,female,1,0.024923838013007356,0.043808084228650936,-0.06656650891388005,0.1023372071326808,962,58
Australia Republic Referendum,k1,0,-0.10259465975120706,0.12701193175494133,-0.423064683523705,0.09394420369195337,347,24
Australia Republic Referendum,female,0,0.07807738349725495,0.06303527920143487,-0.04760874255147365,0.19390451397907837,347,24
Bulgarian National Crime Poll,k1,0,0.3367192411101228,0.23715549105150102,-0.11192328794346357,0.7913527547218099,278,17
Bulgarian National Crime Poll,female,0,0.01679892394338987,0.12394689686412028,-0.24710743698690107,0.251637760010281,278,17
By the People 2004 Online Primaries,k1,1,-0.5212214016073907,0.23932809278871753,-1.0929732052778611,-0.13203939252893626,315,16
By the People 2004 Online Primaries,female,1,0.3402067500192527,0.20209352579976336,0.058852441015174374,0.835348800579876,315,16
By the People 2004 US General Election,k1,1,-0.0026437406225779006,0.16413603801749008,-0.4517634088641287,0.21016886578534433,248,15
By the People 2004 US General Election,female,1,0.03931133710608827,0.07865575240851655,-0.13211415476506772,0.18090895718953443,248,15
By the People 2004 US Presidential Primaries,k1,1,-0.22144855287124032,0.11969471451238124,-0.41280676938190963,0.053466549340680576,217,16
By the People 2004 US Presidential Primaries,female,1,-0.03841490829370542,0.10783633863066443,-0.257488149260436,0.17338378546137073,217,16
By the People 2007,k1,1,0.25061637836630984,0.1674142104039322,-0.09223215350133175,0.5576885299148796,301,20
By the People 2007,female,1,-0.09832713524566002,0.056355755495359434,-0.18970079268209272,0.023419994700529724,301,20
By the People: Health and Education,k1,1,0.024798887689825723,0.12142029170305044,-0.20971436166808918,0.2629381018769983,454,30
By the People: Health and Education,female,1,0.008351577149220222,0.05814674070837539,-0.0999018413956289,0.12918722824844237,452,30
By the People: National,k1,1,0.6443788234706399,0.28039299071135426,0.030114152419504762,1.103954716827205,245,15
By the People: National,female,1,-0.055002119149680666,0.10926508481060337,-0.2635475280429367,0.1562000184737867,245,15
California What's Next,k1,0,0.24221381553203528,0.13174993394929624,-0.04999319709993244,0.481323398423375,396,25
California What's Next,female,0,-0.19684001611296395,0.11625439887624112,-0.4083953474668217,0.03826605449828641,386,25
Central Power & Light,k1,0,0.3857908144342918,0.3661980075550363,-0.535606043033357,0.8104759329931627,216,16
Central Power & Light,female,0,0.019073967861019624,0.11440630184390124,-0.1874378698158065,0.2676445153349337,216,16
Europolis,k1,0,-0.22799332085445567,0.30852025074490935,-0.846786381476536,0.3086002371242257,348,25
Europolis,female,0,-0.16642573031848387,0.15607069838506066,-0.5121295301896653,0.0799666468560276,348,25
Michigan,k1,0,-0.16832697364298957,0.17940617414958238,-0.548960169927805,0.17459380322908594,310,16
Michigan,female,0,-0.0021234035920618386,0.09727669900319892,-0.19556438174979715,0.20148391009733294,310,16
National Issues Convention,k1,0,-0.10915823026217673,0.2372300456883302,-0.6176756710379211,0.2980190073719106,466,30
National Issues Convention,female,0,-0.06561184556726761,0.09444936036596846,-0.2694271709777146,0.09385920581220775,460,30
National Issues Convention 2,k1,0,-0.24908310931597405,0.2340267799642737,-0.8088336043364155,0.12344727554016521,340,24
National Issues Convention 2,female,0,0.15504354136803009,0.058824479576997844,0.03419629304214795,0.26342312358928494,340,24
"New Haven, CT",k1,0,0.2030484287510631,0.2907728818578503,-0.3844611305005196,0.7575338817866138,132,16
"New Haven, CT",female,0,0.15358030767148023,0.10061838561508102,-0.014319717096559853,0.37917069317138413,132,16
Northern Ireland,k1,0,0.025927840581951057,0.2149698297573712,-0.355780845959651,0.5602662390069941,124,20
Northern Ireland,female,0,-0.18862379858388398,0.11604522991621613,-0.4226966025980791,0.03531281557349119,124,20
"San Mateo, CA",k1,0,-0.6779164306184956,0.24122742871529093,-1.1036788197795344,-0.12999020114285392,239,26
"San Mateo, CA",female,0,-0.010903192211876068,0.05971803115645853,-0.12685152518229464,0.11379072298713187,239,26
Southwestern Electric Power,k1,0,0.444445453339951,0.2985535525096599,-0.12531767876178262,1.0490021232667726,232,14
Southwestern Electric Power,female,0,-0.1431530962060264,0.14377922988316913,-0.3885421705639606,0.18711721176009533,232,14
Tomorrow's Europe (EU),k1,0,-0.24243208514192907,0.2256361493469937,-0.6302695650315098,0.25892781488269967,344,18
Tomorrow's Europe (EU),female,0,-0.03647492986810271,0.1988959004092084,-0.39849895397776763,0.36834942049363134,344,18
UK Crime,k1,0,0.16333688261326426,0.22877363074669524,-0.27076575285823784,0.622769498325909,299,20
UK Crime,female,0,-0.0474181805503656,0.10488731879939124,-0.2633967109928202,0.15107554184388924,299,20
UK EU,k1,0,-0.024832113753513095,0.3126288321301396,-0.7301012307920977,0.4576464134167452,238,16
UK EU,female,0,0.02959760036426708,0.12339917805806365,-0.220504248757231,0.23938985890730238,238,16
UK General Election,k1,0,-0.08080255610455503,0.25042619880108574,-0.5915985790160443,0.38367082716253276,275,15
UK General Election,female,0,0.21824894842931486,0.13704392333883156,-0.015734011431953413,0.5426841515059708,275,15
UK Health,k1,0,0.6024919047688082,0.29014135323076756,-0.14413660144470755,0.9523412480950378,230,15
UK Health,female,0,-0.5037673457576766,0.29204247820139984,-0.9676923358519448,0.21309292235504698,230,15
UK Monarchy,k1,0,0.29310835861735546,0.16856810203917497,-0.07235561696268715,0.5679156199251189,258,15
UK Monarchy,female,0,-0.001129950569627116,0.10493127482780103,-0.226236652579869,0.1907122447957516,258,15
West Texas Utilities,k1,0,-0.017452897761714693,0.2137917450868215,-0.33374406208396956,0.487694463567708,230,14
West Texas Utilities,female,0,0.3170789885345326,0.16553351899456697,0.004199667346695382,0.6441102879402156,230,14
Zeguo Township,k1,0,1.4769064271560512,0.43130273389864143,0.6739010046154542,2.342115022198447,233,16
Zeguo Township,female,0,-0.1715830457520856,0.25079645831667347,-0.6769114057888643,0.38416780286329116,225,16
