poll_id,pollname,respondents,online,k1_mean,k2_mean,k1_sd,raw,raw_se,raw_lower,raw_upper,relative,relative_se,relative_lower,relative_upper,adjusted,adjusted_se,adjusted_lower,adjusted_upper,raw_sd,raw_sd_se,raw_sd_lower,raw_sd_upper,adjusted_sd,adjusted_sd_se,adjusted_sd_lower,adjusted_sd_upper
uk-crime-1994,UK Crime,299,0,0.5222169135212613,0.6168179646440516,0.23134676457496953,0.09460105112279028,0.011248533719363202,0.07237372372187888,0.11611063726087484,0.18115279048490401,0.022633848247623763,0.13747307023532593,0.22606418701134753,0.1495801082298315,0.012260690588651825,0.13073744237033488,0.1772768191309844,0.4089145197106664,0.04752568720942359,0.3189412396279506,0.49875647533611567,0.6465623519941599,0.057252716931609854,0.5576983868673252,0.7780963113937686
uk-eu-1995,UK EU,238,0,0.5142857142857142,0.6756302521008404,0.2876606399236815,0.16134453781512606,0.022832844792601656,0.11795819194148849,0.20870641411967283,0.3137254901960784,0.051557301875434024,0.2204795264472684,0.4245987111892209,0.20753702794630569,0.026605076849721816,0.17204022536845076,0.27604156017344794,0.5608849992752988,0.08729875892892382,0.4008131668913011,0.7382998304888674,0.7214648065907342,0.10161861155325756,0.581398180111231,0.9661602061038885
cpl-1996,Central Power & Light,216,0,0.29365079365079366,0.45436507936507936,0.18622045341320434,0.1607142857142857,0.012448809476380463,0.1376512586939127,0.18611150795376194,0.5472972972972973,0.05024855294325945,0.4543508911541972,0.6437469284900195,0.20282786228840327,0.014126535537482204,0.1791114897959129,0.2351263330432644,0.8630324047041007,0.09386326461771251,0.7007810920206746,1.061324272396099,1.0891814436642402,0.11494310300221615,0.9069741010892655,1.359547758098052
nic-1996,National Issues Convention,466,0,0.46527506827936016,0.47737026921576275,0.20629515934642742,0.012095200936402666,0.010704722381946193,-0.007723823706038375,0.033202708628587325,0.025995807127882624,0.02325203964318891,-0.016266368784812853,0.07134810649468325,0.05085251134268652,0.013286256619186707,0.028916735006464918,0.0796606372505151,0.05863056105980379,0.05149722784664299,-0.03782750320200012,0.15643113444399323,0.24650365769024613,0.06345471522245874,0.14150459868236578,0.3825291879066893
swepco-1996,Southwestern Electric Power,232,0,0.4353448275862069,0.6379310344827587,0.2345685217621958,0.20258620689655174,0.019799714235061994,0.16276246941464334,0.24263015960374243,0.46534653465346537,0.051955250804648336,0.3644510582010583,0.5722381742738587,0.30132916714237534,0.02306390308493951,0.25740171256959504,0.34782315806242775,0.8636547025774092,0.08802592799850073,0.6942990838205015,1.0473167628420532,1.2846104194997703,0.1238532041187415,1.0543585642308617,1.5450777162426017
uk-monarchy-1996,UK Monarchy,258,0,0.6481481481481481,0.7937123169681309,0.19379743299876015,0.14556416881998277,0.008280206565779451,0.1307422969187675,0.16296722009365686,0.2245847176079734,0.014719584818554845,0.19948026170435673,0.2572272033062544,0.21725269176247164,0.019135710885332596,0.19257823510484903,0.26683030752244047,0.7511150512551631,0.05304170740851897,0.6591372026289135,0.8664672955205387,1.1210297701098113,0.1199497341112497,0.9699280452279238,1.4401661018670227
wtu-1996,West Texas Utilities,230,0,0.39913043478260873,0.6869565217391305,0.24189775608134537,0.2878260869565218,0.02324202278514584,0.243962010142923,0.3317991607858096,0.7211328976034859,0.08850175622435952,0.566097180719761,0.910328650533224,0.35769254599408995,0.02422987495800979,0.31560572810218657,0.40764032573640996,1.1898667090559187,0.127798244003493,0.9643042764917626,1.4566919194170327,1.4786931131093466,0.1404420691639838,1.2474411612836753,1.7698463380416858
uk-general-election-1997,UK General Election,275,0,0.5447272727272727,0.6475151515151515,0.20892368027701164,0.10278787878787879,0.01126300118222458,0.08160681301506108,0.12479831932773106,0.1886960391633289,0.02297436596615764,0.14729165218293314,0.237049016967746,0.18241716535656521,0.01916147437262652,0.15415928820286737,0.22727804753827005,0.4919876897228329,0.055007648893823535,0.3915146789002693,0.6081853365261489,0.8731282404880981,0.09284190526854802,0.7319075606706309,1.0932111611878805
uk-health-1998,UK Health,230,0,0.6579710144927536,0.7369565217391304,0.22661729732589325,0.07898550724637683,0.014823506554408986,0.050523438120187364,0.10789019880208242,0.12004405286343615,0.022335917951168228,0.07840020098948672,0.1643141835162185,0.11049366911609979,0.0209661293337471,0.07175020806983758,0.15277162711576267,0.34854138752166636,0.0721228268325992,0.21735264930571735,0.4913944585703791,0.4875782670605295,0.10255909616947995,0.3047212551566257,0.6997069942580909
australia-republic-1999,Australia Republic Referendum,347,0,0.5192122958693564,0.7588856868395774,0.2186306879852735,0.23967339097022095,0.010060275188710074,0.22029514421819754,0.25826361623290206,0.46160962072155415,0.02860844279218748,0.4069443681549086,0.5180911331854727,0.3381367214707594,0.019322021840945183,0.30268171535929267,0.3806685287717584,1.096247709682754,0.06253978274925907,0.9851844778796026,1.2263578287806305,1.5466114322136493,0.10774067970549481,1.373456592730359,1.7954903114244984
bulgaria-crime-2002,Bulgarian National Crime Poll,278,0,0.4316546762589928,0.5246659815005138,0.2466709765297334,0.09301130524152107,0.015691557214107487,0.06143296028088655,0.1226724053951132,0.2154761904761905,0.03991604019848446,0.1397809122080746,0.2942979576375517,0.12885815587089974,0.025386546134102746,0.09026026720483891,0.18642733546072277,0.37706627082781113,0.06342817398595746,0.2541316110057973,0.5015666780549123,0.5223888018109313,0.10184568029568929,0.37059893554600004,0.7610212237276605
new-haven-2004,"New Haven, CT",132,0,0.3683712121212121,0.5909090909090909,0.17698869611996343,0.22253787878787878,0.019816503240652917,0.18547691879866515,0.26291255323267515,0.6041131105398457,0.06591580894835938,0.4833124525436598,0.7443309758390909,0.27961869866809597,0.02231832481287593,0.2391349101892228,0.32430657121989115,1.2573564508156045,0.1248872515809145,1.0523933908699041,1.5206783107552178,1.5798675553752293,0.16019871568185118,1.309302579147904,1.9158678972911722
btp-national-2003,By the People: National,245,1,0.39332096474953615,0.42782931354359927,0.17651329084410275,0.03450834879406306,0.008975557527155651,0.017508980925295615,0.052558883162010475,0.08773584905660373,0.022050505108889104,0.044525935374149644,0.13250165422789872,0.047365939507764424,0.01043269054783717,0.03321660125541797,0.0722563662811353,0.1955000024589705,0.051906839517190544,0.09850803494687996,0.3026317700742582,0.2683420567440342,0.059568116474759625,0.1864766366389004,0.4212330710586824
nic2-2003,National Issues Convention 2,340,0,0.3729946524064171,0.4959893048128342,0.1653435173360819,0.12299465240641712,0.011033664460662883,0.10103384991055525,0.14305214305214306,0.32974910394265233,0.03417352889048378,0.2646646120377084,0.3941211635406784,0.14986597545193278,0.01283060490074334,0.12645557983820616,0.17559695389523175,0.7438734483700059,0.07182139393347033,0.606484079455077,0.8839612309071131,0.9063916013550802,0.08189936576929642,0.7686892444654742,1.0783767549283063
btp-online-primaries-2004,By the People 2004 Online Primaries,315,1,0.4793650793650793,0.52562358276644,0.289351033165116,0.04625850340136056,0.01715311734120694,0.013482170422970032,0.07861738255974018,0.09649952696310317,0.038068267720593046,0.02673183795414786,0.17286620158426105,0.0549823475084499,0.0151789708575154,0.03757205950182369,0.0951192931049088,0.1598698400878475,0.05828060253133144,0.04648606185239001,0.2673922139227403,0.19001953062692065,0.051113269651298,0.131973302309099,0.3293246712062115
btp-general-election-2004,By the People 2004 US General Election,248,1,0.7522401433691757,0.8212365591397849,0.23616824145939574,0.06899641577060932,0.011008561586978544,0.04967144563918757,0.09144831974087571,0.09172126265634307,0.015848917747583333,0.06392102232116437,0.1252745570305644,0.09368065726352111,0.01466844439268003,0.06972663213504147,0.1249975484756224,0.2921494242589422,0.04398355323169488,0.2150605296446633,0.38275679533965257,0.39666915705779837,0.06038040537468212,0.2949270801048197,0.5241199206403172
btp-presidential-primaries-2004,By the People 2004 US Presidential Primaries,217,1,0.5148123765635286,0.6333113890717578,0.2776502627995467,0.1184990125082291,0.01397230077822086,0.09390644704096777,0.14835841498403074,0.23017902813299232,0.033254336919258706,0.17573312141542416,0.30221870027530107,0.14769271536560555,0.017741971194079324,0.11602252366849783,0.1852316371590019,0.4267923657388397,0.049534262316055025,0.33706515815939436,0.5331016720206769,0.5319379635244007,0.06166419921539354,0.41857628603060615,0.659003524690389
btp-health-education-2005,By the People: Health and Education,454,1,0.3524229074889868,0.41152716593245225,0.2127359030312543,0.05910425844346547,0.014374856807451103,0.03137185435391714,0.08727762172284644,0.1677083333333333,0.045874124167974775,0.08323660015418957,0.2617665484985874,0.07154634151867047,0.014258775034221535,0.05114221316420922,0.10652690054914885,0.27782925966559663,0.0719988704496487,0.14042501158935972,0.4184103090909839,0.33631531161037376,0.07316496085419676,0.23129086596466272,0.5151435779801357
zeguo-2005,Zeguo Township,233,0,0.31330472103004275,0.4248927038626609,0.30796716241211064,0.11158798283261812,0.0295561684613821,0.05217160037002773,0.16778710916369152,0.35616438356164426,0.08828511276171068,0.17475547695528174,0.5215233288034685,0.14123639344316147,0.03694502922922126,0.06840043393781431,0.21177810131899294,0.3623372763466745,0.09164307025725134,0.1814007449714707,0.5390186623404228,0.45860861377864687,0.11402584216332988,0.22917359633910575,0.6701502907681928
btp-2007,By the People 2007,301,1,0.5074750830564784,0.6196013289036545,0.21948372045266396,0.11212624584717606,0.008976386890383803,0.09450733004670472,0.12980188509016793,0.22094926350245497,0.01983978917004369,0.18203398403518262,0.2587079215090091,0.1322655862596368,0.010799586835749985,0.1109421654211153,0.15266550461617323,0.5108636103667574,0.04901178166049053,0.42542526915466594,0.6158400613795519,0.6026213970988453,0.06062512025717666,0.4981411826851066,0.7287479965230736
northern-ireland-2007,Northern Ireland,124,0,0.21774193548387097,0.5034562211981567,0.20886580476311278,0.2857142857142857,0.022177618004599067,0.24395035998484274,0.33066052227342546,1.312169312169312,0.1678852658789084,1.0181460897181422,1.6833027705800279,0.32771467911144264,0.024361531361948616,0.2829138660120306,0.37973739910087634,1.367932324002636,0.16742418510289087,1.0741040240625583,1.729918983120217,1.5690202591234286,0.19018052599440544,1.2411748977831973,1.9942466000325014
tomorrows-europe-2007,Tomorrow's Europe (EU),344,0,0.36627906976744184,0.5327695560253699,0.18702518141581242,0.1664904862579281,0.015919613369473902,0.13570344250230937,0.19683081747301928,0.4545454545454545,0.05683330877149713,0.3534587813620072,0.5698954647246867,0.22302299872383322,0.018614978866491723,0.18712214340788727,0.25891699748913705,0.8902035811304486,0.12460484172356705,0.6743412369693905,1.1433825416308598,1.1924757780503734,0.15215244221602053,0.9286778799541296,1.5170244891949192
san-mateo-2008,"San Mateo, CA",239,0,0.14539748953974893,0.3169456066945607,0.1414204239004822,0.17154811715481175,0.018338731477032223,0.13365952337249148,0.20783913662950562,1.179856115107914,0.18558065230810428,0.8358998792961059,1.5802788964356551,0.19601439135581816,0.020258102174757094,0.1522213919038358,0.23362185537525998,1.2130363664836028,0.1844535788781076,0.8687670589511288,1.6085918962579784,1.3860401910105564,0.20671684035769644,0.9916665428191115,1.8274189813500008
europolis-2009,Europolis,348,0,0.19731800766283525,0.36302681992337166,0.15708017787505113,0.1657088122605364,0.018336643565036823,0.12934275973384282,0.2014473612806946,0.8398058252427186,0.12373810570379092,0.6128811813186813,1.096174147489937,0.19420424326377358,0.020834729462058464,0.15230236103571687,0.2354441848757884,1.0549314019261475,0.13345900969894609,0.7969818770097524,1.3247497445360168,1.2363383202828593,0.14914309759231198,0.9489153631958057,1.5339699670345204
michigan-2009,Michigan,310,0,0.34157706093189966,0.43942652329749105,0.21391274363088802,0.0978494623655914,0.013277221717318552,0.07337459011987313,0.12391992297491233,0.2864637985309549,0.04926956978205265,0.2037618843741293,0.3887127386401697,0.1232663702742176,0.015499313389310947,0.09322161787782905,0.1522465485507974,0.45742698964411915,0.06180375149746163,0.3435229443999599,0.5755347513969152,0.5762460346304417,0.07346730330899384,0.43910521297905886,0.7202433405124006
california-whats-next-2011,California What's Next,396,0,0.604040404040404,0.8176767676767677,0.2867254469133924,0.2136363636363637,0.011921713935033402,0.19167323882252613,0.2388063724504164,0.3536789297658864,0.026181473312190052,0.30606751447477254,0.40995387075100764,0.32145848981710445,0.020795098764067523,0.2836091043715539,0.3702951113020321,0.7450903501456366,0.043041986168221275,0.6654545774025866,0.8368105946546444,1.1211369387601073,0.07356164184743935,0.9975869735383368,1.2838419206024945
america-in-one-room-2019,America in One Room,523,0,0.4577984157334062,0.600655558590549,0.24862661205206765,0.14285714285714285,0.009111649494845876,0.12401181667170037,0.16021293518318572,0.31205250596658707,0.022531774409047748,0.26734202772394877,0.35615152140859346,0.17407290897254862,0.010430766851559362,0.1554081207028709,0.1967482098122749,0.5745850843481932,0.0398933791307005,0.4960301164946999,0.6526021889313746,0.7001378795930906,0.048291145937574796,0.6128919449598219,0.8035480070242778
a1r-climate-2021,America in One Room: Climate,962,1,0.6855509355509356,0.8075623700623702,0.2786715139719819,0.12201143451143454,0.0069928577727059104,0.10827459519909273,0.13571916155256428,0.1779757391963609,0.012484366454168417,0.1544794657397608,0.20390338088837587,0.16741432422082037,0.00958461347435826,0.14995330741314086,0.18775758304934925,0.4378324600615689,0.02292206764057333,0.3944404734165592,0.48302493853567025,0.6007586560772505,0.03363326341551898,0.5399635294573423,0.6683651666344511
