poll_id,pollname,respondents,online,k1_mean,k2_mean,raw,raw_se,k1_sd,raw_sd,raw_sd_se
wtu-1996,West Texas Utilities,230,0,0.39913043478260873,0.6869565217391305,0.2878260869565218,0.01753020287893481,0.24189775608134537,1.1898667090559187,0.07246947290011137
northern-ireland-2007,Northern Ireland,124,0,0.21774193548387097,0.5034562211981567,0.2857142857142857,0.021266543649924717,0.20886580476311278,1.367932324002636,0.10181917367490757
australia-republic-1999,Australia Republic Referendum,347,0,0.5192122958693564,0.7588856868395774,0.23967339097022095,0.00943691402279766,0.2186306879852735,1.0962477096827543,0.043163721020872015
new-haven-2004,"New Haven, CT",132,0,0.3683712121212121,0.5909090909090909,0.22253787878787878,0.021395987302451396,0.17698869611996343,1.2573564508156045,0.12088900461727305
california-whats-next-2011,California What's Next,396,0,0.604040404040404,0.8176767676767677,0.2136363636363637,0.014735958392234013,0.2867254469133924,0.7450903501456366,0.05139396782136718
swepco-1996,Southwestern Electric Power,232,0,0.4353448275862069,0.6379310344827587,0.20258620689655174,0.020204973066791244,0.2345685217621958,0.8636547025774092,0.08613676257581965
san-mateo-2008,"San Mateo, CA",239,0,0.14539748953974893,0.3169456066945607,0.17154811715481175,0.016355745503262437,0.1414204239004822,1.2130363664836024,0.11565334802540263
tomorrows-europe-2007,Tomorrow's Europe (EU),344,0,0.36627906976744184,0.5327695560253699,0.16649048625792814,0.012088187358111445,0.18702518141581242,0.8902035811304492,0.06463400953070496
europolis-2009,Europolis,348,0,0.19731800766283525,0.36302681992337166,0.16570881226053638,0.012887228591134597,0.15708017787505113,1.054931401926148,0.08204236056688004
uk-eu-1995,UK EU,238,0,0.5142857142857142,0.6756302521008404,0.16134453781512603,0.02236122276904586,0.2876606399236815,0.5608849992752986,0.0777347320612874
cpl-1996,Central Power & Light,216,0,0.29365079365079366,0.45436507936507936,0.1607142857142857,0.015023770181985351,0.18622045341320434,0.8630324047041007,0.08067733649347919
uk-monarchy-1996,UK Monarchy,258,0,0.6481481481481481,0.7937123169681309,0.14556416881998277,0.011731680671000371,0.19379743299876015,0.7511150512551631,0.060535789816552554
america-in-one-room-2019,America in One Room,523,0,0.4577984157334062,0.600655558590549,0.14285714285714285,0.010295654958046964,0.24862661205206765,0.5745850843481934,0.04141010840742518
nic2-2003,National Issues Convention 2,340,0,0.3729946524064171,0.4959893048128342,0.12299465240641712,0.008567283308875516,0.1653435173360819,0.743873448370006,0.05181505417875811
a1r-climate-2021,America in One Room: Climate,962,1,0.6855509355509356,0.8075623700623702,0.12201143451143454,0.005963896525124591,0.2786715139719819,0.4378324600615683,0.02140117028870131
btp-presidential-primaries-2004,By the People 2004 US Presidential Primaries,217,1,0.5148123765635286,0.6333113890717578,0.1184990125082291,0.013851998264010689,0.2776502627995467,0.4267923657388397,0.04989009599465542
btp-2007,By the People 2007,301,1,0.5074750830564784,0.6196013289036545,0.11212624584717609,0.010538249271290358,0.21948372045266396,0.5108636103667578,0.04801380826585333
zeguo-2005,Zeguo Township,233,0,0.31330472103004275,0.4248927038626609,0.111587982832618,0.02624145365938149,0.30796716241211064,0.3623372763466741,0.08520860943046296
uk-general-election-1997,UK General Election,275,0,0.5447272727272727,0.6475151515151515,0.10278787878787879,0.011883752331246954,0.20892368027701164,0.49198768972283313,0.05688082995422205
michigan-2009,Michigan,310,0,0.34157706093189966,0.43942652329749105,0.09784946236559142,0.012796731948704107,0.21391274363088802,0.45742698964411954,0.05982220475272478
uk-crime-1994,UK Crime,299,0,0.5222169135212613,0.6168179646440516,0.09460105112279028,0.012340445252613484,0.23134676457496953,0.40891451971066645,0.0533417671748527
bulgaria-crime-2002,Bulgarian National Crime Poll,278,0,0.4316546762589928,0.5246659815005138,0.09301130524152106,0.01790113663297773,0.2466709765297334,0.37706627082781097,0.0725709075498793
uk-health-1998,UK Health,230,0,0.6579710144927536,0.7369565217391304,0.07898550724637683,0.015012590231620921,0.22661729732589325,0.3485413875216663,0.06624644459523163
btp-general-election-2004,By the People 2004 US General Election,248,1,0.7522401433691757,0.8212365591397849,0.0689964157706093,0.010908013573544827,0.23616824145939574,0.2921494242589422,0.046187470026194166
btp-online-primaries-2004,By the People 2004 Online Primaries,315,1,0.4793650793650793,0.52562358276644,0.04625850340136063,0.014739751190920383,0.289351033165116,0.15986984008784777,0.05094072424655644
btp-health-education-2005,By the People: Health and Education,454,1,0.37481644640234946,0.41005873715124813,0.035242290748898675,0.011503192137152242,0.22599010200508438,0.15594616948358997,0.0509013095489175
btp-national-2003,By the People: National,245,1,0.39332096474953615,0.42782931354359927,0.03450834879406309,0.009835233229430428,0.17651329084410275,0.19550000245897065,0.05571950521344563
nic-1996,National Issues Convention,466,0,0.46527506827936016,0.47737026921576275,0.012095200936402662,0.012035139473206025,0.20629515934642742,0.05863056105980378,0.058339417712635955
