poll_id,study_id,pollname,source_dataset,battery_id,analysis,category,n_people,n_scored,n_missing_phase,n_unknown_presence,n_absent_wave,n_unknown_attendance,n_observed_missing_score,mean_t0,estimate,std_error,lower,upper,inference,n_reference,n_reference_scored,reference_mean_t0
a1r-climate-2021,a1r-climate-2021,America in One Room: Climate,control,a1r-climate-2021:control:knowledge,baseline_by_attendance_and_arm,attended:attended,962,962,0,0,0,0,0,0.6855509355509356,,,,,descriptive_selection_not_causal,,,
a1r-climate-2021,a1r-climate-2021,America in One Room: Climate,control,a1r-climate-2021:control:knowledge,baseline_by_attendance_and_arm,not_attended:invited_nonattender,7018,7018,0,0,0,0,0,0.5789754915930464,,,,,descriptive_selection_not_causal,,,
a1r-climate-2021,a1r-climate-2021,America in One Room: Climate,control,a1r-climate-2021:control:knowledge,baseline_by_attendance_and_arm,not_attended:control,834,834,0,0,0,0,0,0.5840827338129497,,,,,descriptive_selection_not_causal,,,
a1r-climate-2021,a1r-climate-2021,America in One Room: Climate,control,a1r-climate-2021:control:knowledge,attendee_exit_attrition,exit_observed,962,962,0,0,0,0,0,0.6855509355509356,,,,,descriptive_selection_not_causal,,,
a1r-climate-2021,a1r-climate-2021,America in One Room: Climate,control,a1r-climate-2021:control:knowledge,baseline_selection_difference,attended_minus_invited_nonattender,962,962,0,0,0,0,0,0.6855509355509356,0.1065754439578892,,,,descriptive_selection_not_causal,7018,7018,0.5789754915930464
a1r-climate-2021,a1r-climate-2021,America in One Room: Climate,control,a1r-climate-2021:control:knowledge,baseline_selection_difference,attended_minus_control,962,962,0,0,0,0,0,0.6855509355509356,0.10146820173798587,,,,descriptive_selection_not_causal,834,834,0.5840827338129497
america-in-one-room-2019,america-in-one-room-2019,America in One Room,control,america-in-one-room-2019:control:knowledge,baseline_by_attendance_and_arm,attended:attended,526,526,0,0,0,0,0,0.45817490494296575,,,,,descriptive_selection_not_causal,,,
america-in-one-room-2019,america-in-one-room-2019,America in One Room,control,america-in-one-room-2019:control:knowledge,baseline_by_attendance_and_arm,not_attended:control,1101,1101,0,0,0,0,0,0.40521603736862594,,,,,descriptive_selection_not_causal,,,
america-in-one-room-2019,america-in-one-room-2019,America in One Room,control,america-in-one-room-2019:control:knowledge,baseline_by_attendance_and_arm,not_attended:invited_nonattender,2215,2215,0,0,0,0,0,0.37813608513382774,,,,,descriptive_selection_not_causal,,,
america-in-one-room-2019,america-in-one-room-2019,America in One Room,control,america-in-one-room-2019:control:knowledge,attendee_exit_attrition,exit_observed,523,523,0,0,0,0,0,0.4577984157334062,,,,,descriptive_selection_not_causal,,,
america-in-one-room-2019,america-in-one-room-2019,America in One Room,control,america-in-one-room-2019:control:knowledge,attendee_exit_attrition,exit_absent,3,3,0,0,0,0,0,0.5238095238095238,,,,,descriptive_selection_not_causal,,,
america-in-one-room-2019,america-in-one-room-2019,America in One Room,control,america-in-one-room-2019:control:knowledge,baseline_selection_difference,attended_minus_invited_nonattender,526,526,0,0,0,0,0,0.45817490494296575,0.08003881980913802,,,,descriptive_selection_not_causal,2215,2215,0.37813608513382774
america-in-one-room-2019,america-in-one-room-2019,America in One Room,control,america-in-one-room-2019:control:knowledge,baseline_selection_difference,attended_minus_control,526,526,0,0,0,0,0,0.45817490494296575,0.05295886757433982,,,,descriptive_selection_not_causal,1101,1101,0.40521603736862594
australia-republic-1999,australia-republic-1999,Australia Republic Referendum,cor_sood,australia-republic-1999:cor_sood:knowledge,baseline_by_attendance_and_arm,attendance_unknown:participant,347,347,0,0,0,347,0,0.46829971181556196,,,,,descriptive_selection_not_causal,,,
australia-republic-1999,australia-republic-1999,Australia Republic Referendum,cor_sood,australia-republic-1999:cor_sood:knowledge,baseline_selection_difference,attended_minus_invited_nonattender,0,0,0,0,0,0,0,,,,,,descriptive_selection_not_causal,0,0,
australia-republic-1999,australia-republic-1999,Australia Republic Referendum,cor_sood,australia-republic-1999:cor_sood:knowledge,baseline_selection_difference,attended_minus_control,0,0,0,0,0,0,0,,,,,,descriptive_selection_not_causal,0,0,
australia-republic-1999,australia-republic-1999,Australia Republic Referendum,historical,australia-republic-1999:historical:knowledge,baseline_by_attendance_and_arm,attendance_unknown:surveyed,4312,873,0,3439,0,4312,0,0.4390034364261168,,,,,descriptive_selection_not_causal,,,
australia-republic-1999,australia-republic-1999,Australia Republic Referendum,historical,australia-republic-1999:historical:knowledge,baseline_by_attendance_and_arm,attended:surveyed,347,347,0,0,0,0,0,0.5192122958693564,,,,,descriptive_selection_not_causal,,,
australia-republic-1999,australia-republic-1999,Australia Republic Referendum,historical,australia-republic-1999:historical:knowledge,attendee_exit_attrition,exit_observed,347,347,0,0,0,0,0,0.5192122958693564,,,,,descriptive_selection_not_causal,,,
australia-republic-1999,australia-republic-1999,Australia Republic Referendum,historical,australia-republic-1999:historical:knowledge,baseline_selection_difference,attended_minus_invited_nonattender,347,347,0,0,0,0,0,0.5192122958693564,,,,,descriptive_selection_not_causal,0,0,
australia-republic-1999,australia-republic-1999,Australia Republic Referendum,historical,australia-republic-1999:historical:knowledge,baseline_selection_difference,attended_minus_control,347,347,0,0,0,0,0,0.5192122958693564,,,,,descriptive_selection_not_causal,0,0,
btp-2007,btp-2007,By the People 2007,cor_sood,btp-2007:cor_sood:knowledge,baseline_by_attendance_and_arm,attended:participant,301,301,0,0,0,0,0,0.5074750830564784,,,,,descriptive_selection_not_causal,,,
btp-2007,btp-2007,By the People 2007,cor_sood,btp-2007:cor_sood:knowledge,attendee_exit_attrition,exit_observed,301,301,0,0,0,0,0,0.5074750830564784,,,,,descriptive_selection_not_causal,,,
btp-2007,btp-2007,By the People 2007,cor_sood,btp-2007:cor_sood:knowledge,baseline_selection_difference,attended_minus_invited_nonattender,301,301,0,0,0,0,0,0.5074750830564784,,,,,descriptive_selection_not_causal,0,0,
btp-2007,btp-2007,By the People 2007,cor_sood,btp-2007:cor_sood:knowledge,baseline_selection_difference,attended_minus_control,301,301,0,0,0,0,0,0.5074750830564784,,,,,descriptive_selection_not_causal,0,0,
btp-general-election-2004,btp-general-election-2004,By the People 2004 US General Election,cor_sood,btp-general-election-2004:cor_sood:knowledge,baseline_by_attendance_and_arm,attendance_unknown:participant,250,250,0,0,0,250,0,0.7386666666666667,,,,,descriptive_selection_not_causal,,,
btp-general-election-2004,btp-general-election-2004,By the People 2004 US General Election,cor_sood,btp-general-election-2004:cor_sood:knowledge,baseline_selection_difference,attended_minus_invited_nonattender,0,0,0,0,0,0,0,,,,,,descriptive_selection_not_causal,0,0,
btp-general-election-2004,btp-general-election-2004,By the People 2004 US General Election,cor_sood,btp-general-election-2004:cor_sood:knowledge,baseline_selection_difference,attended_minus_control,0,0,0,0,0,0,0,,,,,,descriptive_selection_not_causal,0,0,
btp-general-election-2004,btp-general-election-2004,By the People 2004 US General Election,historical,btp-general-election-2004:historical:knowledge,baseline_by_attendance_and_arm,attended:surveyed,248,248,0,0,0,0,0,0.7522401433691757,,,,,descriptive_selection_not_causal,,,
btp-general-election-2004,btp-general-election-2004,By the People 2004 US General Election,historical,btp-general-election-2004:historical:knowledge,baseline_by_attendance_and_arm,attendance_unknown:surveyed,51,38,0,0,13,51,0,0.6140350877192983,,,,,descriptive_selection_not_causal,,,
btp-general-election-2004,btp-general-election-2004,By the People 2004 US General Election,historical,btp-general-election-2004:historical:knowledge,attendee_exit_attrition,exit_observed,248,248,0,0,0,0,0,0.7522401433691757,,,,,descriptive_selection_not_causal,,,
btp-general-election-2004,btp-general-election-2004,By the People 2004 US General Election,historical,btp-general-election-2004:historical:knowledge,baseline_selection_difference,attended_minus_invited_nonattender,248,248,0,0,0,0,0,0.7522401433691757,,,,,descriptive_selection_not_causal,0,0,
btp-general-election-2004,btp-general-election-2004,By the People 2004 US General Election,historical,btp-general-election-2004:historical:knowledge,baseline_selection_difference,attended_minus_control,248,248,0,0,0,0,0,0.7522401433691757,,,,,descriptive_selection_not_causal,0,0,
btp-health-education-2005,btp-health-education-2005,By the People: Health and Education,cor_sood,btp-health-education-2005:cor_sood:knowledge,baseline_by_attendance_and_arm,attendance_unknown:participant,454,454,0,0,0,454,0,0.3524229074889868,,,,,descriptive_selection_not_causal,,,
btp-health-education-2005,btp-health-education-2005,By the People: Health and Education,cor_sood,btp-health-education-2005:cor_sood:knowledge,baseline_selection_difference,attended_minus_invited_nonattender,0,0,0,0,0,0,0,,,,,,descriptive_selection_not_causal,0,0,
btp-health-education-2005,btp-health-education-2005,By the People: Health and Education,cor_sood,btp-health-education-2005:cor_sood:knowledge,baseline_selection_difference,attended_minus_control,0,0,0,0,0,0,0,,,,,,descriptive_selection_not_causal,0,0,
btp-health-education-2005,btp-health-education-2005,By the People: Health and Education,historical,btp-health-education-2005:historical:knowledge,baseline_by_attendance_and_arm,attended:surveyed,454,454,0,0,0,0,0,0.3524229074889868,,,,,descriptive_selection_not_causal,,,
btp-health-education-2005,btp-health-education-2005,By the People: Health and Education,historical,btp-health-education-2005:historical:knowledge,attendee_exit_attrition,exit_observed,454,454,0,0,0,0,0,0.3524229074889868,,,,,descriptive_selection_not_causal,,,
btp-health-education-2005,btp-health-education-2005,By the People: Health and Education,historical,btp-health-education-2005:historical:knowledge,baseline_selection_difference,attended_minus_invited_nonattender,454,454,0,0,0,0,0,0.3524229074889868,,,,,descriptive_selection_not_causal,0,0,
btp-health-education-2005,btp-health-education-2005,By the People: Health and Education,historical,btp-health-education-2005:historical:knowledge,baseline_selection_difference,attended_minus_control,454,454,0,0,0,0,0,0.3524229074889868,,,,,descriptive_selection_not_causal,0,0,
btp-national-2003,btp-national-2003,By the People: National,historical,btp-national-2003:historical:knowledge,baseline_by_attendance_and_arm,attended:surveyed,245,245,0,0,0,0,0,0.39332096474953615,,,,,descriptive_selection_not_causal,,,
btp-national-2003,btp-national-2003,By the People: National,historical,btp-national-2003:historical:knowledge,attendee_exit_attrition,exit_observed,245,245,0,0,0,0,0,0.39332096474953615,,,,,descriptive_selection_not_causal,,,
btp-national-2003,btp-national-2003,By the People: National,historical,btp-national-2003:historical:knowledge,baseline_selection_difference,attended_minus_invited_nonattender,245,245,0,0,0,0,0,0.39332096474953615,,,,,descriptive_selection_not_causal,0,0,
btp-national-2003,btp-national-2003,By the People: National,historical,btp-national-2003:historical:knowledge,baseline_selection_difference,attended_minus_control,245,245,0,0,0,0,0,0.39332096474953615,,,,,descriptive_selection_not_causal,0,0,
btp-online-primaries-2004,btp-primaries-2004,By the People 2004 Online Primaries,cor_sood,btp-online-primaries-2004:cor_sood:knowledge,baseline_by_attendance_and_arm,attended:participant,250,250,0,0,0,0,0,0.5,,,,,descriptive_selection_not_causal,,,
btp-online-primaries-2004,btp-primaries-2004,By the People 2004 Online Primaries,cor_sood,btp-online-primaries-2004:cor_sood:knowledge,baseline_by_attendance_and_arm,not_attended:participant,78,78,0,0,0,0,0,0.42124542124542125,,,,,descriptive_selection_not_causal,,,
btp-online-primaries-2004,btp-primaries-2004,By the People 2004 Online Primaries,cor_sood,btp-online-primaries-2004:cor_sood:knowledge,attendee_exit_attrition,exit_observed,239,239,0,0,0,0,0,0.5092647937836222,,,,,descriptive_selection_not_causal,,,
btp-online-primaries-2004,btp-primaries-2004,By the People 2004 Online Primaries,cor_sood,btp-online-primaries-2004:cor_sood:knowledge,attendee_exit_attrition,exit_absent,11,11,0,0,0,0,0,0.2987012987012987,,,,,descriptive_selection_not_causal,,,
btp-online-primaries-2004,btp-primaries-2004,By the People 2004 Online Primaries,cor_sood,btp-online-primaries-2004:cor_sood:knowledge,baseline_selection_difference,attended_minus_invited_nonattender,250,250,0,0,0,0,0,0.5,,,,,descriptive_selection_not_causal,0,0,
btp-online-primaries-2004,btp-primaries-2004,By the People 2004 Online Primaries,cor_sood,btp-online-primaries-2004:cor_sood:knowledge,baseline_selection_difference,attended_minus_control,250,250,0,0,0,0,0,0.5,,,,,descriptive_selection_not_causal,0,0,
btp-presidential-primaries-2004,btp-primaries-2004,By the People 2004 US Presidential Primaries,historical,btp-presidential-primaries-2004:historical:knowledge,baseline_by_attendance_and_arm,attended:surveyed,217,217,0,0,0,0,0,0.5148123765635286,,,,,descriptive_selection_not_causal,,,
btp-presidential-primaries-2004,btp-primaries-2004,By the People 2004 US Presidential Primaries,historical,btp-presidential-primaries-2004:historical:knowledge,baseline_by_attendance_and_arm,attendance_unknown:surveyed,1072,1003,0,69,0,1072,0,0.4312775957840763,,,,,descriptive_selection_not_causal,,,
btp-presidential-primaries-2004,btp-primaries-2004,By the People 2004 US Presidential Primaries,historical,btp-presidential-primaries-2004:historical:knowledge,attendee_exit_attrition,exit_observed,217,217,0,0,0,0,0,0.5148123765635286,,,,,descriptive_selection_not_causal,,,
btp-presidential-primaries-2004,btp-primaries-2004,By the People 2004 US Presidential Primaries,historical,btp-presidential-primaries-2004:historical:knowledge,baseline_selection_difference,attended_minus_invited_nonattender,217,217,0,0,0,0,0,0.5148123765635286,,,,,descriptive_selection_not_causal,0,0,
btp-presidential-primaries-2004,btp-primaries-2004,By the People 2004 US Presidential Primaries,historical,btp-presidential-primaries-2004:historical:knowledge,baseline_selection_difference,attended_minus_control,217,217,0,0,0,0,0,0.5148123765635286,,,,,descriptive_selection_not_causal,0,0,
california-whats-next-2011,california-whats-next-2011,California What's Next,cor_sood,california-whats-next-2011:cor_sood:knowledge,baseline_by_attendance_and_arm,attended:participant,396,386,0,0,10,0,0,0.6196891191709845,,,,,descriptive_selection_not_causal,,,
california-whats-next-2011,california-whats-next-2011,California What's Next,cor_sood,california-whats-next-2011:cor_sood:knowledge,attendee_exit_attrition,exit_observed,396,386,0,0,10,0,0,0.6196891191709845,,,,,descriptive_selection_not_causal,,,
california-whats-next-2011,california-whats-next-2011,California What's Next,cor_sood,california-whats-next-2011:cor_sood:knowledge,baseline_selection_difference,attended_minus_invited_nonattender,396,386,0,0,10,0,0,0.6196891191709845,,,,,descriptive_selection_not_causal,0,0,
california-whats-next-2011,california-whats-next-2011,California What's Next,cor_sood,california-whats-next-2011:cor_sood:knowledge,baseline_selection_difference,attended_minus_control,396,386,0,0,10,0,0,0.6196891191709845,,,,,descriptive_selection_not_causal,0,0,
cpl-1996,cpl-1996,Central Power & Light,cor_sood,cpl-1996:cor_sood:knowledge,baseline_by_attendance_and_arm,attendance_unknown:participant,216,216,0,0,0,216,0,0.29365079365079366,,,,,descriptive_selection_not_causal,,,
cpl-1996,cpl-1996,Central Power & Light,cor_sood,cpl-1996:cor_sood:knowledge,baseline_selection_difference,attended_minus_invited_nonattender,0,0,0,0,0,0,0,,,,,,descriptive_selection_not_causal,0,0,
cpl-1996,cpl-1996,Central Power & Light,cor_sood,cpl-1996:cor_sood:knowledge,baseline_selection_difference,attended_minus_control,0,0,0,0,0,0,0,,,,,,descriptive_selection_not_causal,0,0,
cpl-1996,cpl-1996,Central Power & Light,historical,cpl-1996:historical:knowledge,baseline_by_attendance_and_arm,attended:surveyed,216,216,0,0,0,0,0,0.29365079365079366,,,,,descriptive_selection_not_causal,,,
cpl-1996,cpl-1996,Central Power & Light,historical,cpl-1996:historical:knowledge,baseline_by_attendance_and_arm,attendance_unknown:surveyed,1030,1030,0,0,0,1030,0,0.26740638002773925,,,,,descriptive_selection_not_causal,,,
cpl-1996,cpl-1996,Central Power & Light,historical,cpl-1996:historical:knowledge,attendee_exit_attrition,exit_observed,216,216,0,0,0,0,0,0.29365079365079366,,,,,descriptive_selection_not_causal,,,
cpl-1996,cpl-1996,Central Power & Light,historical,cpl-1996:historical:knowledge,baseline_selection_difference,attended_minus_invited_nonattender,216,216,0,0,0,0,0,0.29365079365079366,,,,,descriptive_selection_not_causal,0,0,
cpl-1996,cpl-1996,Central Power & Light,historical,cpl-1996:historical:knowledge,baseline_selection_difference,attended_minus_control,216,216,0,0,0,0,0,0.29365079365079366,,,,,descriptive_selection_not_causal,0,0,
denmark-euro-2000,denmark-euro-2000,Denmark: Euro,cor_sood,denmark-euro-2000:cor_sood:knowledge,baseline_by_attendance_and_arm,attended:participant,359,359,0,0,0,0,0,0.6004333023831631,,,,,descriptive_selection_not_causal,,,
denmark-euro-2000,denmark-euro-2000,Denmark: Euro,cor_sood,denmark-euro-2000:cor_sood:knowledge,attendee_exit_attrition,exit_observed,359,359,0,0,0,0,0,0.6004333023831631,,,,,descriptive_selection_not_causal,,,
denmark-euro-2000,denmark-euro-2000,Denmark: Euro,cor_sood,denmark-euro-2000:cor_sood:knowledge,baseline_selection_difference,attended_minus_invited_nonattender,359,359,0,0,0,0,0,0.6004333023831631,,,,,descriptive_selection_not_causal,0,0,
denmark-euro-2000,denmark-euro-2000,Denmark: Euro,cor_sood,denmark-euro-2000:cor_sood:knowledge,baseline_selection_difference,attended_minus_control,359,359,0,0,0,0,0,0.6004333023831631,,,,,descriptive_selection_not_causal,0,0,
europolis-2009,europolis-2009,Europolis,cor_sood,europolis-2009:cor_sood:knowledge,baseline_by_attendance_and_arm,attendance_unknown:participant,348,348,0,0,0,348,0,0.19731800766283525,,,,,descriptive_selection_not_causal,,,
europolis-2009,europolis-2009,Europolis,cor_sood,europolis-2009:cor_sood:knowledge,baseline_selection_difference,attended_minus_invited_nonattender,0,0,0,0,0,0,0,,,,,,descriptive_selection_not_causal,0,0,
europolis-2009,europolis-2009,Europolis,cor_sood,europolis-2009:cor_sood:knowledge,baseline_selection_difference,attended_minus_control,0,0,0,0,0,0,0,,,,,,descriptive_selection_not_causal,0,0,
europolis-2009,europolis-2009,Europolis,historical,europolis-2009:historical:knowledge,baseline_by_attendance_and_arm,attendance_unknown:surveyed,4036,4036,0,0,0,4036,0,0.16113313511727775,,,,,descriptive_selection_not_causal,,,
europolis-2009,europolis-2009,Europolis,historical,europolis-2009:historical:knowledge,baseline_by_attendance_and_arm,attended:surveyed,348,348,0,0,0,0,0,0.19731800766283525,,,,,descriptive_selection_not_causal,,,
europolis-2009,europolis-2009,Europolis,historical,europolis-2009:historical:knowledge,attendee_exit_attrition,exit_observed,348,348,0,0,0,0,0,0.19731800766283525,,,,,descriptive_selection_not_causal,,,
europolis-2009,europolis-2009,Europolis,historical,europolis-2009:historical:knowledge,baseline_selection_difference,attended_minus_invited_nonattender,348,348,0,0,0,0,0,0.19731800766283525,,,,,descriptive_selection_not_causal,0,0,
europolis-2009,europolis-2009,Europolis,historical,europolis-2009:historical:knowledge,baseline_selection_difference,attended_minus_control,348,348,0,0,0,0,0,0.19731800766283525,,,,,descriptive_selection_not_causal,0,0,
marousi-2006,marousi-2006,"Marousi, Greece",score_only,marousi-2006:score_only:knowledge,baseline_by_attendance_and_arm,attended:participant,159,159,0,0,0,0,0,0.3593890476178609,,,,,descriptive_selection_not_causal,,,
marousi-2006,marousi-2006,"Marousi, Greece",score_only,marousi-2006:score_only:knowledge,baseline_by_attendance_and_arm,attendance_unknown:attendance_unknown,1116,1116,0,0,0,1116,0,0.3035074244751664,,,,,descriptive_selection_not_causal,,,
marousi-2006,marousi-2006,"Marousi, Greece",score_only,marousi-2006:score_only:knowledge,attendee_exit_attrition,exit_observed,138,138,0,0,0,0,0,0.3602484565837536,,,,,descriptive_selection_not_causal,,,
marousi-2006,marousi-2006,"Marousi, Greece",score_only,marousi-2006:score_only:knowledge,attendee_exit_attrition,exit_absent,21,21,0,0,0,0,0,0.3537415029848514,,,,,descriptive_selection_not_causal,,,
marousi-2006,marousi-2006,"Marousi, Greece",score_only,marousi-2006:score_only:knowledge,baseline_selection_difference,attended_minus_invited_nonattender,159,159,0,0,0,0,0,0.3593890476178609,,,,,descriptive_selection_not_causal,0,0,
marousi-2006,marousi-2006,"Marousi, Greece",score_only,marousi-2006:score_only:knowledge,baseline_selection_difference,attended_minus_control,159,159,0,0,0,0,0,0.3593890476178609,,,,,descriptive_selection_not_causal,0,0,
michigan-2009,michigan-2009,Michigan,cor_sood,michigan-2009:cor_sood:knowledge,baseline_by_attendance_and_arm,attended:participant,310,310,0,0,0,0,0,0.34157706093189966,,,,,descriptive_selection_not_causal,,,
michigan-2009,michigan-2009,Michigan,cor_sood,michigan-2009:cor_sood:knowledge,attendee_exit_attrition,exit_observed,310,310,0,0,0,0,0,0.34157706093189966,,,,,descriptive_selection_not_causal,,,
michigan-2009,michigan-2009,Michigan,cor_sood,michigan-2009:cor_sood:knowledge,baseline_selection_difference,attended_minus_invited_nonattender,310,310,0,0,0,0,0,0.34157706093189966,,,,,descriptive_selection_not_causal,0,0,
michigan-2009,michigan-2009,Michigan,cor_sood,michigan-2009:cor_sood:knowledge,baseline_selection_difference,attended_minus_control,310,310,0,0,0,0,0,0.34157706093189966,,,,,descriptive_selection_not_causal,0,0,
new-haven-2004,new-haven-2004,"New Haven, CT",historical,new-haven-2004:historical:knowledge,baseline_by_attendance_and_arm,attended:surveyed,132,132,0,0,0,0,0,0.3683712121212121,,,,,descriptive_selection_not_causal,,,
new-haven-2004,new-haven-2004,"New Haven, CT",historical,new-haven-2004:historical:knowledge,attendee_exit_attrition,exit_observed,132,132,0,0,0,0,0,0.3683712121212121,,,,,descriptive_selection_not_causal,,,
new-haven-2004,new-haven-2004,"New Haven, CT",historical,new-haven-2004:historical:knowledge,baseline_selection_difference,attended_minus_invited_nonattender,132,132,0,0,0,0,0,0.3683712121212121,,,,,descriptive_selection_not_causal,0,0,
new-haven-2004,new-haven-2004,"New Haven, CT",historical,new-haven-2004:historical:knowledge,baseline_selection_difference,attended_minus_control,132,132,0,0,0,0,0,0.3683712121212121,,,,,descriptive_selection_not_causal,0,0,
nic-1996,nic-1996,National Issues Convention,cor_sood,nic-1996:cor_sood:knowledge,baseline_by_attendance_and_arm,attendance_unknown:participant,466,460,0,6,0,466,0,0.5364130434782609,,,,,descriptive_selection_not_causal,,,
nic-1996,nic-1996,National Issues Convention,cor_sood,nic-1996:cor_sood:knowledge,baseline_selection_difference,attended_minus_invited_nonattender,0,0,0,0,0,0,0,,,,,,descriptive_selection_not_causal,0,0,
nic-1996,nic-1996,National Issues Convention,cor_sood,nic-1996:cor_sood:knowledge,baseline_selection_difference,attended_minus_control,0,0,0,0,0,0,0,,,,,,descriptive_selection_not_causal,0,0,
nic-1996,nic-1996,National Issues Convention,historical,nic-1996:historical:knowledge,baseline_by_attendance_and_arm,attended:surveyed,466,461,0,5,0,0,0,0.47032143561427725,,,,,descriptive_selection_not_causal,,,
nic-1996,nic-1996,National Issues Convention,historical,nic-1996:historical:knowledge,baseline_by_attendance_and_arm,attendance_unknown:surveyed,445,444,0,1,0,445,0,0.39864864864864863,,,,,descriptive_selection_not_causal,,,
nic-1996,nic-1996,National Issues Convention,historical,nic-1996:historical:knowledge,attendee_exit_attrition,exit_observed,460,456,0,4,0,0,0,0.4714912280701754,,,,,descriptive_selection_not_causal,,,
nic-1996,nic-1996,National Issues Convention,historical,nic-1996:historical:knowledge,attendee_exit_attrition,exit_unknown,6,5,0,1,0,0,0,0.36363636363636365,,,,,descriptive_selection_not_causal,,,
nic-1996,nic-1996,National Issues Convention,historical,nic-1996:historical:knowledge,baseline_selection_difference,attended_minus_invited_nonattender,466,461,0,5,0,0,0,0.47032143561427725,,,,,descriptive_selection_not_causal,0,0,
nic-1996,nic-1996,National Issues Convention,historical,nic-1996:historical:knowledge,baseline_selection_difference,attended_minus_control,466,461,0,5,0,0,0,0.47032143561427725,,,,,descriptive_selection_not_causal,0,0,
nic2-2003,nic2-2003,National Issues Convention 2,historical,nic2-2003:historical:knowledge,baseline_by_attendance_and_arm,attendance_unknown:surveyed,1153,541,0,612,0,1153,0,0.2935641068727945,,,,,descriptive_selection_not_causal,,,
nic2-2003,nic2-2003,National Issues Convention 2,historical,nic2-2003:historical:knowledge,baseline_by_attendance_and_arm,attended:surveyed,340,340,0,0,0,0,0,0.3729946524064171,,,,,descriptive_selection_not_causal,,,
nic2-2003,nic2-2003,National Issues Convention 2,historical,nic2-2003:historical:knowledge,attendee_exit_attrition,exit_observed,340,340,0,0,0,0,0,0.3729946524064171,,,,,descriptive_selection_not_causal,,,
nic2-2003,nic2-2003,National Issues Convention 2,historical,nic2-2003:historical:knowledge,baseline_selection_difference,attended_minus_invited_nonattender,340,340,0,0,0,0,0,0.3729946524064171,,,,,descriptive_selection_not_causal,0,0,
nic2-2003,nic2-2003,National Issues Convention 2,historical,nic2-2003:historical:knowledge,baseline_selection_difference,attended_minus_control,340,340,0,0,0,0,0,0.3729946524064171,,,,,descriptive_selection_not_causal,0,0,
northern-ireland-2007,northern-ireland-2007,Northern Ireland,cor_sood,northern-ireland-2007:cor_sood:knowledge,baseline_by_attendance_and_arm,attended:participant,124,124,0,0,0,0,0,0.21774193548387097,,,,,descriptive_selection_not_causal,,,
northern-ireland-2007,northern-ireland-2007,Northern Ireland,cor_sood,northern-ireland-2007:cor_sood:knowledge,attendee_exit_attrition,exit_observed,124,124,0,0,0,0,0,0.21774193548387097,,,,,descriptive_selection_not_causal,,,
northern-ireland-2007,northern-ireland-2007,Northern Ireland,cor_sood,northern-ireland-2007:cor_sood:knowledge,baseline_selection_difference,attended_minus_invited_nonattender,124,124,0,0,0,0,0,0.21774193548387097,,,,,descriptive_selection_not_causal,0,0,
northern-ireland-2007,northern-ireland-2007,Northern Ireland,cor_sood,northern-ireland-2007:cor_sood:knowledge,baseline_selection_difference,attended_minus_control,124,124,0,0,0,0,0,0.21774193548387097,,,,,descriptive_selection_not_causal,0,0,
san-mateo-2008,san-mateo-2008,"San Mateo, CA",cor_sood,san-mateo-2008:cor_sood:knowledge,baseline_by_attendance_and_arm,attendance_unknown:participant,239,217,0,22,0,239,0,0.1601382488479263,,,,,descriptive_selection_not_causal,,,
san-mateo-2008,san-mateo-2008,"San Mateo, CA",cor_sood,san-mateo-2008:cor_sood:knowledge,baseline_selection_difference,attended_minus_invited_nonattender,0,0,0,0,0,0,0,,,,,,descriptive_selection_not_causal,0,0,
san-mateo-2008,san-mateo-2008,"San Mateo, CA",cor_sood,san-mateo-2008:cor_sood:knowledge,baseline_selection_difference,attended_minus_control,0,0,0,0,0,0,0,,,,,,descriptive_selection_not_causal,0,0,
san-mateo-2008,san-mateo-2008,"San Mateo, CA",historical,san-mateo-2008:historical:knowledge,baseline_by_attendance_and_arm,attendance_unknown:surveyed,1567,1567,0,0,0,1567,0,0.1396777281429482,,,,,descriptive_selection_not_causal,,,
san-mateo-2008,san-mateo-2008,"San Mateo, CA",historical,san-mateo-2008:historical:knowledge,baseline_by_attendance_and_arm,attended:surveyed,239,239,0,0,0,0,0,0.14539748953974893,,,,,descriptive_selection_not_causal,,,
san-mateo-2008,san-mateo-2008,"San Mateo, CA",historical,san-mateo-2008:historical:knowledge,attendee_exit_attrition,exit_observed,238,238,0,0,0,0,0,0.14548319327731093,,,,,descriptive_selection_not_causal,,,
san-mateo-2008,san-mateo-2008,"San Mateo, CA",historical,san-mateo-2008:historical:knowledge,attendee_exit_attrition,exit_unknown,1,1,0,0,0,0,0,0.125,,,,,descriptive_selection_not_causal,,,
san-mateo-2008,san-mateo-2008,"San Mateo, CA",historical,san-mateo-2008:historical:knowledge,baseline_selection_difference,attended_minus_invited_nonattender,239,239,0,0,0,0,0,0.14539748953974893,,,,,descriptive_selection_not_causal,0,0,
san-mateo-2008,san-mateo-2008,"San Mateo, CA",historical,san-mateo-2008:historical:knowledge,baseline_selection_difference,attended_minus_control,239,239,0,0,0,0,0,0.14539748953974893,,,,,descriptive_selection_not_causal,0,0,
swepco-1996,swepco-1996,Southwestern Electric Power,cor_sood,swepco-1996:cor_sood:knowledge,baseline_by_attendance_and_arm,attendance_unknown:participant,232,228,0,4,0,232,0,0.44298245614035087,,,,,descriptive_selection_not_causal,,,
swepco-1996,swepco-1996,Southwestern Electric Power,cor_sood,swepco-1996:cor_sood:knowledge,baseline_selection_difference,attended_minus_invited_nonattender,0,0,0,0,0,0,0,,,,,,descriptive_selection_not_causal,0,0,
swepco-1996,swepco-1996,Southwestern Electric Power,cor_sood,swepco-1996:cor_sood:knowledge,baseline_selection_difference,attended_minus_control,0,0,0,0,0,0,0,,,,,,descriptive_selection_not_causal,0,0,
swepco-1996,swepco-1996,Southwestern Electric Power,historical,swepco-1996:historical:knowledge,baseline_by_attendance_and_arm,attended:surveyed,232,232,0,0,0,0,0,0.4353448275862069,,,,,descriptive_selection_not_causal,,,
swepco-1996,swepco-1996,Southwestern Electric Power,historical,swepco-1996:historical:knowledge,baseline_by_attendance_and_arm,attendance_unknown:surveyed,1246,1246,0,0,0,1246,0,0.4069020866773676,,,,,descriptive_selection_not_causal,,,
swepco-1996,swepco-1996,Southwestern Electric Power,historical,swepco-1996:historical:knowledge,attendee_exit_attrition,exit_observed,232,232,0,0,0,0,0,0.4353448275862069,,,,,descriptive_selection_not_causal,,,
swepco-1996,swepco-1996,Southwestern Electric Power,historical,swepco-1996:historical:knowledge,baseline_selection_difference,attended_minus_invited_nonattender,232,232,0,0,0,0,0,0.4353448275862069,,,,,descriptive_selection_not_causal,0,0,
swepco-1996,swepco-1996,Southwestern Electric Power,historical,swepco-1996:historical:knowledge,baseline_selection_difference,attended_minus_control,232,232,0,0,0,0,0,0.4353448275862069,,,,,descriptive_selection_not_causal,0,0,
tomorrows-europe-2007,tomorrows-europe-2007,Tomorrow's Europe (EU),cor_sood,tomorrows-europe-2007:cor_sood:knowledge,baseline_by_attendance_and_arm,attendance_unknown:participant,359,359,0,0,0,359,0,0.36312990630539377,,,,,descriptive_selection_not_causal,,,
tomorrows-europe-2007,tomorrows-europe-2007,Tomorrow's Europe (EU),cor_sood,tomorrows-europe-2007:cor_sood:knowledge,baseline_selection_difference,attended_minus_invited_nonattender,0,0,0,0,0,0,0,,,,,,descriptive_selection_not_causal,0,0,
tomorrows-europe-2007,tomorrows-europe-2007,Tomorrow's Europe (EU),cor_sood,tomorrows-europe-2007:cor_sood:knowledge,baseline_selection_difference,attended_minus_control,0,0,0,0,0,0,0,,,,,,descriptive_selection_not_causal,0,0,
tomorrows-europe-2007,tomorrows-europe-2007,Tomorrow's Europe (EU),historical,tomorrows-europe-2007:historical:knowledge,baseline_by_attendance_and_arm,attendance_unknown:surveyed,3206,3206,0,0,0,3206,0,0.2635966653433903,,,,,descriptive_selection_not_causal,,,
tomorrows-europe-2007,tomorrows-europe-2007,Tomorrow's Europe (EU),historical,tomorrows-europe-2007:historical:knowledge,baseline_by_attendance_and_arm,attended:surveyed,344,344,0,0,0,0,0,0.36627906976744184,,,,,descriptive_selection_not_causal,,,
tomorrows-europe-2007,tomorrows-europe-2007,Tomorrow's Europe (EU),historical,tomorrows-europe-2007:historical:knowledge,attendee_exit_attrition,exit_observed,335,335,0,0,0,0,0,0.36526458616010854,,,,,descriptive_selection_not_causal,,,
tomorrows-europe-2007,tomorrows-europe-2007,Tomorrow's Europe (EU),historical,tomorrows-europe-2007:historical:knowledge,attendee_exit_attrition,exit_unknown,9,9,0,0,0,0,0,0.40404040404040403,,,,,descriptive_selection_not_causal,,,
tomorrows-europe-2007,tomorrows-europe-2007,Tomorrow's Europe (EU),historical,tomorrows-europe-2007:historical:knowledge,baseline_selection_difference,attended_minus_invited_nonattender,344,344,0,0,0,0,0,0.36627906976744184,,,,,descriptive_selection_not_causal,0,0,
tomorrows-europe-2007,tomorrows-europe-2007,Tomorrow's Europe (EU),historical,tomorrows-europe-2007:historical:knowledge,baseline_selection_difference,attended_minus_control,344,344,0,0,0,0,0,0.36627906976744184,,,,,descriptive_selection_not_causal,0,0,
uk-crime-1994,uk-crime-1994,UK Crime,cor_sood,uk-crime-1994:cor_sood:knowledge,baseline_by_attendance_and_arm,attendance_unknown:participant,299,299,0,0,0,299,0,0.5222169135212613,,,,,descriptive_selection_not_causal,,,
uk-crime-1994,uk-crime-1994,UK Crime,cor_sood,uk-crime-1994:cor_sood:knowledge,baseline_selection_difference,attended_minus_invited_nonattender,0,0,0,0,0,0,0,,,,,,descriptive_selection_not_causal,0,0,
uk-crime-1994,uk-crime-1994,UK Crime,cor_sood,uk-crime-1994:cor_sood:knowledge,baseline_selection_difference,attended_minus_control,0,0,0,0,0,0,0,,,,,,descriptive_selection_not_causal,0,0,
uk-crime-1994,uk-crime-1994,UK Crime,historical,uk-crime-1994:historical:knowledge,baseline_by_attendance_and_arm,attendance_unknown:surveyed,570,570,0,0,0,570,0,0.456390977443609,,,,,descriptive_selection_not_causal,,,
uk-crime-1994,uk-crime-1994,UK Crime,historical,uk-crime-1994:historical:knowledge,baseline_by_attendance_and_arm,attended:surveyed,299,299,0,0,0,0,0,0.5222169135212613,,,,,descriptive_selection_not_causal,,,
uk-crime-1994,uk-crime-1994,UK Crime,historical,uk-crime-1994:historical:knowledge,attendee_exit_attrition,exit_observed,299,299,0,0,0,0,0,0.5222169135212613,,,,,descriptive_selection_not_causal,,,
uk-crime-1994,uk-crime-1994,UK Crime,historical,uk-crime-1994:historical:knowledge,baseline_selection_difference,attended_minus_invited_nonattender,299,299,0,0,0,0,0,0.5222169135212613,,,,,descriptive_selection_not_causal,0,0,
uk-crime-1994,uk-crime-1994,UK Crime,historical,uk-crime-1994:historical:knowledge,baseline_selection_difference,attended_minus_control,299,299,0,0,0,0,0,0.5222169135212613,,,,,descriptive_selection_not_causal,0,0,
uk-eu-1995,uk-eu-1995,UK EU,cor_sood,uk-eu-1995:cor_sood:knowledge,baseline_by_attendance_and_arm,attendance_unknown:participant,224,224,0,0,0,224,0,0.5151785714285715,,,,,descriptive_selection_not_causal,,,
uk-eu-1995,uk-eu-1995,UK EU,cor_sood,uk-eu-1995:cor_sood:knowledge,baseline_selection_difference,attended_minus_invited_nonattender,0,0,0,0,0,0,0,,,,,,descriptive_selection_not_causal,0,0,
uk-eu-1995,uk-eu-1995,UK EU,cor_sood,uk-eu-1995:cor_sood:knowledge,baseline_selection_difference,attended_minus_control,0,0,0,0,0,0,0,,,,,,descriptive_selection_not_causal,0,0,
uk-eu-1995,uk-eu-1995,UK EU,historical,uk-eu-1995:historical:knowledge,baseline_by_attendance_and_arm,attendance_unknown:surveyed,662,662,0,0,0,662,0,0.4580060422960725,,,,,descriptive_selection_not_causal,,,
uk-eu-1995,uk-eu-1995,UK EU,historical,uk-eu-1995:historical:knowledge,baseline_by_attendance_and_arm,attended:surveyed,238,238,0,0,0,0,0,0.5142857142857142,,,,,descriptive_selection_not_causal,,,
uk-eu-1995,uk-eu-1995,UK EU,historical,uk-eu-1995:historical:knowledge,attendee_exit_attrition,exit_observed,224,224,0,0,0,0,0,0.5151785714285715,,,,,descriptive_selection_not_causal,,,
uk-eu-1995,uk-eu-1995,UK EU,historical,uk-eu-1995:historical:knowledge,attendee_exit_attrition,exit_unknown,14,14,0,0,0,0,0,0.5,,,,,descriptive_selection_not_causal,,,
uk-eu-1995,uk-eu-1995,UK EU,historical,uk-eu-1995:historical:knowledge,baseline_selection_difference,attended_minus_invited_nonattender,238,238,0,0,0,0,0,0.5142857142857142,,,,,descriptive_selection_not_causal,0,0,
uk-eu-1995,uk-eu-1995,UK EU,historical,uk-eu-1995:historical:knowledge,baseline_selection_difference,attended_minus_control,238,238,0,0,0,0,0,0.5142857142857142,,,,,descriptive_selection_not_causal,0,0,
uk-general-election-1997,uk-general-election-1997,UK General Election,cor_sood,uk-general-election-1997:cor_sood:knowledge,baseline_by_attendance_and_arm,attendance_unknown:participant,275,275,0,0,0,275,0,0.5447272727272727,,,,,descriptive_selection_not_causal,,,
uk-general-election-1997,uk-general-election-1997,UK General Election,cor_sood,uk-general-election-1997:cor_sood:knowledge,baseline_selection_difference,attended_minus_invited_nonattender,0,0,0,0,0,0,0,,,,,,descriptive_selection_not_causal,0,0,
uk-general-election-1997,uk-general-election-1997,UK General Election,cor_sood,uk-general-election-1997:cor_sood:knowledge,baseline_selection_difference,attended_minus_control,0,0,0,0,0,0,0,,,,,,descriptive_selection_not_causal,0,0,
uk-general-election-1997,uk-general-election-1997,UK General Election,historical,uk-general-election-1997:historical:knowledge,baseline_by_attendance_and_arm,attendance_unknown:surveyed,935,935,0,0,0,935,0,0.4971836007130126,,,,,descriptive_selection_not_causal,,,
uk-general-election-1997,uk-general-election-1997,UK General Election,historical,uk-general-election-1997:historical:knowledge,baseline_by_attendance_and_arm,attended:surveyed,275,275,0,0,0,0,0,0.5447272727272727,,,,,descriptive_selection_not_causal,,,
uk-general-election-1997,uk-general-election-1997,UK General Election,historical,uk-general-election-1997:historical:knowledge,attendee_exit_attrition,exit_observed,275,275,0,0,0,0,0,0.5447272727272727,,,,,descriptive_selection_not_causal,,,
uk-general-election-1997,uk-general-election-1997,UK General Election,historical,uk-general-election-1997:historical:knowledge,baseline_selection_difference,attended_minus_invited_nonattender,275,275,0,0,0,0,0,0.5447272727272727,,,,,descriptive_selection_not_causal,0,0,
uk-general-election-1997,uk-general-election-1997,UK General Election,historical,uk-general-election-1997:historical:knowledge,baseline_selection_difference,attended_minus_control,275,275,0,0,0,0,0,0.5447272727272727,,,,,descriptive_selection_not_causal,0,0,
uk-health-1998,uk-health-1998,UK Health,cor_sood,uk-health-1998:cor_sood:knowledge,baseline_by_attendance_and_arm,attendance_unknown:participant,230,230,0,0,0,230,0,0.6579710144927536,,,,,descriptive_selection_not_causal,,,
uk-health-1998,uk-health-1998,UK Health,cor_sood,uk-health-1998:cor_sood:knowledge,baseline_selection_difference,attended_minus_invited_nonattender,0,0,0,0,0,0,0,,,,,,descriptive_selection_not_causal,0,0,
uk-health-1998,uk-health-1998,UK Health,cor_sood,uk-health-1998:cor_sood:knowledge,baseline_selection_difference,attended_minus_control,0,0,0,0,0,0,0,,,,,,descriptive_selection_not_causal,0,0,
uk-health-1998,uk-health-1998,UK Health,historical,uk-health-1998:historical:knowledge,baseline_by_attendance_and_arm,attended:surveyed,230,230,0,0,0,0,0,0.6579710144927536,,,,,descriptive_selection_not_causal,,,
uk-health-1998,uk-health-1998,UK Health,historical,uk-health-1998:historical:knowledge,attendee_exit_attrition,exit_observed,228,228,0,0,0,0,0,0.658625730994152,,,,,descriptive_selection_not_causal,,,
uk-health-1998,uk-health-1998,UK Health,historical,uk-health-1998:historical:knowledge,attendee_exit_attrition,exit_unknown,2,2,0,0,0,0,0,0.5833333333333333,,,,,descriptive_selection_not_causal,,,
uk-health-1998,uk-health-1998,UK Health,historical,uk-health-1998:historical:knowledge,baseline_selection_difference,attended_minus_invited_nonattender,230,230,0,0,0,0,0,0.6579710144927536,,,,,descriptive_selection_not_causal,0,0,
uk-health-1998,uk-health-1998,UK Health,historical,uk-health-1998:historical:knowledge,baseline_selection_difference,attended_minus_control,230,230,0,0,0,0,0,0.6579710144927536,,,,,descriptive_selection_not_causal,0,0,
uk-monarchy-1996,uk-monarchy-1996,UK Monarchy,cor_sood,uk-monarchy-1996:cor_sood:knowledge,baseline_by_attendance_and_arm,attendance_unknown:participant,258,258,0,0,0,258,0,0.6468023255813954,,,,,descriptive_selection_not_causal,,,
uk-monarchy-1996,uk-monarchy-1996,UK Monarchy,cor_sood,uk-monarchy-1996:cor_sood:knowledge,baseline_selection_difference,attended_minus_invited_nonattender,0,0,0,0,0,0,0,,,,,,descriptive_selection_not_causal,0,0,
uk-monarchy-1996,uk-monarchy-1996,UK Monarchy,cor_sood,uk-monarchy-1996:cor_sood:knowledge,baseline_selection_difference,attended_minus_control,0,0,0,0,0,0,0,,,,,,descriptive_selection_not_causal,0,0,
uk-monarchy-1996,uk-monarchy-1996,UK Monarchy,historical,uk-monarchy-1996:historical:knowledge,baseline_by_attendance_and_arm,attendance_unknown:surveyed,599,599,0,0,0,599,0,0.6199220923761826,,,,,descriptive_selection_not_causal,,,
uk-monarchy-1996,uk-monarchy-1996,UK Monarchy,historical,uk-monarchy-1996:historical:knowledge,baseline_by_attendance_and_arm,attended:surveyed,258,258,0,0,0,0,0,0.6481481481481481,,,,,descriptive_selection_not_causal,,,
uk-monarchy-1996,uk-monarchy-1996,UK Monarchy,historical,uk-monarchy-1996:historical:knowledge,attendee_exit_attrition,exit_observed,258,258,0,0,0,0,0,0.6481481481481481,,,,,descriptive_selection_not_causal,,,
uk-monarchy-1996,uk-monarchy-1996,UK Monarchy,historical,uk-monarchy-1996:historical:knowledge,baseline_selection_difference,attended_minus_invited_nonattender,258,258,0,0,0,0,0,0.6481481481481481,,,,,descriptive_selection_not_causal,0,0,
uk-monarchy-1996,uk-monarchy-1996,UK Monarchy,historical,uk-monarchy-1996:historical:knowledge,baseline_selection_difference,attended_minus_control,258,258,0,0,0,0,0,0.6481481481481481,,,,,descriptive_selection_not_causal,0,0,
vermont-energy-2007,vermont-energy-2007,Vermont Energy,cor_sood,vermont-energy-2007:cor_sood:knowledge,baseline_by_attendance_and_arm,attended:participant,146,146,0,0,0,0,0,0.2024353120243531,,,,,descriptive_selection_not_causal,,,
vermont-energy-2007,vermont-energy-2007,Vermont Energy,cor_sood,vermont-energy-2007:cor_sood:knowledge,attendee_exit_attrition,exit_observed,146,146,0,0,0,0,0,0.2024353120243531,,,,,descriptive_selection_not_causal,,,
vermont-energy-2007,vermont-energy-2007,Vermont Energy,cor_sood,vermont-energy-2007:cor_sood:knowledge,baseline_selection_difference,attended_minus_invited_nonattender,146,146,0,0,0,0,0,0.2024353120243531,,,,,descriptive_selection_not_causal,0,0,
vermont-energy-2007,vermont-energy-2007,Vermont Energy,cor_sood,vermont-energy-2007:cor_sood:knowledge,baseline_selection_difference,attended_minus_control,146,146,0,0,0,0,0,0.2024353120243531,,,,,descriptive_selection_not_causal,0,0,
wtu-1996,wtu-1996,West Texas Utilities,cor_sood,wtu-1996:cor_sood:knowledge,baseline_by_attendance_and_arm,attendance_unknown:participant,230,226,0,4,0,230,0,0.4061946902654867,,,,,descriptive_selection_not_causal,,,
wtu-1996,wtu-1996,West Texas Utilities,cor_sood,wtu-1996:cor_sood:knowledge,baseline_selection_difference,attended_minus_invited_nonattender,0,0,0,0,0,0,0,,,,,,descriptive_selection_not_causal,0,0,
wtu-1996,wtu-1996,West Texas Utilities,cor_sood,wtu-1996:cor_sood:knowledge,baseline_selection_difference,attended_minus_control,0,0,0,0,0,0,0,,,,,,descriptive_selection_not_causal,0,0,
wtu-1996,wtu-1996,West Texas Utilities,historical,wtu-1996:historical:knowledge,baseline_by_attendance_and_arm,attended:surveyed,230,230,0,0,0,0,0,0.39913043478260873,,,,,descriptive_selection_not_causal,,,
wtu-1996,wtu-1996,West Texas Utilities,historical,wtu-1996:historical:knowledge,baseline_by_attendance_and_arm,attendance_unknown:surveyed,1000,1000,0,0,0,1000,0,0.3294,,,,,descriptive_selection_not_causal,,,
wtu-1996,wtu-1996,West Texas Utilities,historical,wtu-1996:historical:knowledge,attendee_exit_attrition,exit_observed,230,230,0,0,0,0,0,0.39913043478260873,,,,,descriptive_selection_not_causal,,,
wtu-1996,wtu-1996,West Texas Utilities,historical,wtu-1996:historical:knowledge,baseline_selection_difference,attended_minus_invited_nonattender,230,230,0,0,0,0,0,0.39913043478260873,,,,,descriptive_selection_not_causal,0,0,
wtu-1996,wtu-1996,West Texas Utilities,historical,wtu-1996:historical:knowledge,baseline_selection_difference,attended_minus_control,230,230,0,0,0,0,0,0.39913043478260873,,,,,descriptive_selection_not_causal,0,0,
zeguo-2005,zeguo-2005,Zeguo Township,historical,zeguo-2005:historical:knowledge,baseline_by_attendance_and_arm,attended:surveyed,233,233,0,0,0,0,0,0.31330472103004275,,,,,descriptive_selection_not_causal,,,
zeguo-2005,zeguo-2005,Zeguo Township,historical,zeguo-2005:historical:knowledge,baseline_by_attendance_and_arm,attendance_unknown:surveyed,36,35,0,1,0,36,0,0.32857142857142857,,,,,descriptive_selection_not_causal,,,
zeguo-2005,zeguo-2005,Zeguo Township,historical,zeguo-2005:historical:knowledge,attendee_exit_attrition,exit_observed,232,232,0,0,0,0,0,0.31034482758620674,,,,,descriptive_selection_not_causal,,,
zeguo-2005,zeguo-2005,Zeguo Township,historical,zeguo-2005:historical:knowledge,attendee_exit_attrition,exit_unknown,1,1,0,0,0,0,0,1,,,,,descriptive_selection_not_causal,,,
zeguo-2005,zeguo-2005,Zeguo Township,historical,zeguo-2005:historical:knowledge,baseline_selection_difference,attended_minus_invited_nonattender,233,233,0,0,0,0,0,0.31330472103004275,,,,,descriptive_selection_not_causal,0,0,
zeguo-2005,zeguo-2005,Zeguo Township,historical,zeguo-2005:historical:knowledge,baseline_selection_difference,attended_minus_control,233,233,0,0,0,0,0,0.31330472103004275,,,,,descriptive_selection_not_causal,0,0,
